pair_id,text_A,text_B,more_human_A_B_or_tie
805cc50e373e87b1,"On October 4, 1957, the Soviet Union launched Sputnik 1, the first human-made satellite to orbit Earth. It was just a small metal sphere with a radio beep, but that beep was heard around the world. In the United States especially, a lot of people took it as a jolt: the Cold War had suddenly reached space. The launch pushed governments to pour money into science, engineering, rockets, and education in a hurry. It also helped spark the Space Race, leading eventually to astronauts in orbit and humans walking on the Moon. Sputnik changed the mood of its time by making technology feel both thrilling and a little terrifying.","On October 4, 1957, the Soviet Union launched Sputnik 1, the first human-made satellite to orbit Earth. It was just a small metal sphere with a radio beep, but that beep was heard around the world. For many people, especially in the United States, it was a shocking sign that the Cold War had moved into space. Almost overnight, governments started pouring money into science, engineering, rocket programs, and education. It also helped spark the Space Race, leading eventually to astronauts in orbit and humans walking on the Moon. Sputnik changed the mood of its time by making technology feel both thrilling and a little terrifying.",
bf9c800609bc268a,"On April 12, 1961, Yuri Gagarin became the first human being to travel into space, orbiting Earth in the Soviet spacecraft Vostok 1. It’s wild to think his whole flight lasted less than two hours, but it changed how people saw what was possible. This wasn’t just a big “first” in the space race — it made the planet feel a little smaller and the future feel a lot bigger. For the first time, someone had looked back at Earth from above and seen it as one shared home. It fired up scientists, dreamers, and everyday people around the world to picture how much farther we might go. More than six decades later, April 12 still feels like a reminder that huge leaps often start with one brave trip into the unknown.","On April 12, 1961, Yuri Gagarin became the first human being to travel into space, orbiting Earth in the Soviet spacecraft Vostok 1. It’s wild to think his whole flight lasted less than two hours, but it changed how people saw what was possible. It wasn’t just a space-race milestone; it made Earth seem a little smaller and the future feel suddenly wide open. For the first time, someone had looked back at Earth from above and seen it as one shared home. The moment inspired scientists, dreamers, and ordinary people all over the world to imagine going farther. More than six decades later, April 12 still feels like a reminder that huge leaps often start with one brave trip into the unknown.",
b62073c5fb8df831,"I noticed November 9, 1989 on an anniversary calendar today and thought, wow, that one really changed things. That was the night the Berlin Wall effectively opened, after nearly three decades of dividing East and West Berlin. Families and friends who had been separated by the Cold War suddenly started crossing through checkpoints, climbing on the wall, and celebrating in the streets. It didn’t just change one city; it became a powerful symbol that communist control in Eastern Europe was cracking. Within a year, Germany was reunified, and the map and mood of Europe shifted in a way that still matters today. Pretty amazing to think that a date on a calendar can mark the moment when so many people finally got a chance to be together again.","Saw November 9, 1989 on an anniversary calendar today and had one of those “oh wow, that was huge” moments. That was the night the Berlin Wall effectively opened, after nearly three decades of dividing East and West Berlin. Families and friends who had been separated by the Cold War suddenly started crossing through checkpoints, climbing on the wall, and celebrating in the streets. It was bigger than Berlin, too—the Wall opening showed that communist rule across Eastern Europe was starting to crack. Within a year, Germany was reunified, and the map and mood of Europe shifted in a way that still matters today. Pretty amazing to think that a date on a calendar can mark the moment when so many people finally got a chance to be together again.",
4c78ca9e5f07fe8b,"On November 11, 1918, the guns finally fell silent on the Western Front after more than four years of World War I.  
At 11 a.m., the armistice between Germany and the Allies took effect, and people who had lived with so much fear could finally imagine peace again.  
It didn’t magically heal the losses or fix the broken cities, but it marked the end of the fighting that had changed millions of lives.  
It’s no wonder, then, that November 11 came to mean so much in Britain, France, Canada, Australia, and New Zealand, where people still mark it as Armistice Day or Remembrance Day.  
In the United States, the same date later became Veterans Day, a time to honor all who have served in the military.  
More than a century later, the date still asks people to pause, remember the cost of war, and be grateful for peace when we have it.","On November 11, 1918, the guns finally fell silent on the Western Front after more than four years of World War I.  
At 11 a.m., the armistice between Germany and the Allies took effect, and people who had lived with so much fear could finally imagine peace again.  
It didn’t magically heal the losses or fix the broken cities, but it marked the end of the fighting that had changed millions of lives.  
That’s why November 11 became such a powerful date in places like Britain, France, Canada, Australia, and New Zealand, where it is remembered as Armistice Day or Remembrance Day.  
In the United States, the same date later became Veterans Day, a time to honor all who have served in the military.  
Even now, more than 100 years later, November 11 is a day to stop for a moment, think about what war costs, and be thankful for peace when we have it.",
1e7698c5500d543b,"Ever sat on a metal bench in winter and felt like it was stealing the heat right out of you? The funny thing is, a wooden bench right next to it might be the exact same temperature. Metal just moves heat really well, so it pulls warmth from your body much faster than wood does. Wood, on the other hand, is a lousy conductor, so it doesn’t suck the heat out of you as fast and feels a lot less icy. Basically, your skin isn’t only sensing temperature — it’s sensing how fast heat is leaving you. So the metal bench isn’t actually colder, it’s just much better at making you feel cold.","Ever sat on a metal bench in winter and felt like it was stealing the heat right out of you? But the wooden bench right beside it could be sitting at the very same temperature. Metal just moves heat really well, so it pulls warmth from your body much faster than wood does. Wood is a poorer conductor, so it doesn’t drain your heat as quickly and feels less brutally cold. Basically, your skin isn’t only sensing temperature — it’s sensing how fast heat is leaving you. So the metal bench isn’t actually colder, it’s just much better at making you feel cold.",
07cf05ae58c33912,"Ever notice how lightning flashes first, then the thunder rolls in a few seconds later?
That’s because light travels insanely fast, while sound has to move through the air much more slowly.
The longer the gap between the flash and the boom, the farther away the storm is.
A handy trick is to count the seconds after you see lightning, then divide by 5 to get the distance in miles.
So if you count 10 seconds, the lightning was about 2 miles away.
Weather can nudge the timing a little—things like temperature, wind, and humidity—but mostly it comes down to how far away the lightning was.","Ever notice how lightning flashes first, then the thunder rolls in a few seconds later?
It happens because the flash reaches your eyes almost instantly, but the sound takes its time traveling through the air.
The longer the gap between the flash and the boom, the farther away the storm is.
A handy trick is to count the seconds after you see lightning, then divide by 5 to get the distance in miles.
So if you count 10 seconds, the lightning was about 2 miles away.
Temperature, wind, and humidity can tweak the timing a bit, but distance is the big factor.",
beab16491e31ba61,"Ever wonder why ice cubes bob around instead of dropping to the bottom of your drink? It’s because water does something really weird when it freezes: its molecules lock into a spread-out crystal pattern, making ice less dense than liquid water. Most things shrink a bit when they freeze, but water actually spreads out, which is why a bottle left in the freezer too long can burst. This little quirk matters way beyond iced tea, because lakes and ponds freeze on top first instead of from the bottom up. That floating ice layer acts like a blanket, helping fish and other aquatic life survive the winter underneath. So basically, one of water’s strangest habits is also one of the reasons life can keep going when everything looks frozen solid.","Ever wonder why ice cubes bob around instead of dropping to the bottom of your drink? It happens because, as water freezes, its molecules settle into a more open crystal pattern, so ice ends up less dense than liquid water. Most substances get denser as they turn solid, but water expands, which is also why a forgotten bottle in the freezer can crack open. This little quirk matters way beyond iced tea, because lakes and ponds freeze on top first instead of from the bottom up. That floating ice layer acts like a blanket, helping fish and other aquatic life survive the winter underneath. So basically, one of water’s strangest habits is also one of the reasons life can keep going when everything looks frozen solid.",
0c1c7e0eb81967bf,"Ever notice how the sky seems to change its whole personality by evening? During the day, sunlight hits the air and the tiny gas molecules scatter the shorter blue wavelengths all over the place, which is why the sky looks blue to us. At sunset, the light has to travel through a much thicker slice of atmosphere before it reaches our eyes. By then, a lot of the blue light has been scattered away, leaving more of the longer red and orange wavelengths to come straight through. Basically, the blue sky at noon and those fiery sunset colors come from the same trick: sunlight scattering in the atmosphere. Kind of cool that one simple process can make the sky look calm at noon and dramatic at dinner time.","Ever notice how the sky seems to change its whole personality by evening? During the day, sunlight hits the air and the tiny gas molecules scatter the shorter blue wavelengths all over the place, which is why the sky looks blue to us. At sunset, the light has to travel through a much thicker slice of atmosphere before it reaches our eyes. Most of the blue gets scattered out of the way, so the reds and oranges are what make it through to us. So the blue daytime sky and the fiery sunset are really caused by the same thing: sunlight getting scattered by the atmosphere. Kind of cool that one simple process can make the sky look calm at noon and dramatic at dinner time.",
e42657fc26c8dabc,"Ever notice how a fever can make you feel freezing, even when the thermometer says you’re already hot? It’s because your brain has temporarily turned up your body’s “thermostat” to help fight whatever bug is bothering you. Until your temperature catches up to that new higher setting, your body acts like you’re too cold. So you end up shaking, piling on blankets, and feeling like you’re freezing, even as your temperature keeps climbing. Once the fever starts breaking and the thermostat drops back down, the opposite can happen and you may suddenly feel sweaty and overheated. Bodies are weird, but in this case the chills are basically your heating system kicking on.","Ever notice how a fever can make you feel freezing, even when the thermometer says you’re already hot? Basically, your brain temporarily cranks your internal thermostat up to a higher setting to help fight off the bug. Until your temperature catches up to that new higher setting, your body acts like you’re too cold. That’s why you might shiver, curl up under blankets, and feel chilled even though your actual temperature is rising. Once the fever starts breaking and the thermostat drops back down, the opposite can happen and you may suddenly feel sweaty and overheated. Bodies are weird, but in this case the chills are basically your heating system kicking on.",
dd58d254531760da,"Ever notice how your fingertips get all pruney after a long shower or swim?
It’s not just because your skin is soaking up water like a sponge.
From what researchers can tell, the wrinkling is actually directed by your nervous system—especially the nerves that tell the tiny blood vessels in your fingers what to do.
When those vessels narrow, the skin on top sort of puckers, creating the wrinkles we see.
One cool idea is that this may help us grip wet objects better, kind of like tire treads in the rain.
So the next time your fingers look like raisins, your body might actually be doing something pretty clever.","Ever notice how your fingertips get all pruney after a long shower or swim?
It’s not just because your skin is soaking up water like a sponge.
Scientists have found that this wrinkling seems to be controlled by the nervous system, especially the nerves that affect tiny blood vessels in your fingers.
When those tiny vessels tighten up, the skin above them bunches a little, and that’s what creates the wrinkles.
One cool idea is that this may help us grip wet objects better, kind of like tire treads in the rain.
So the next time your fingers look like raisins, your body might actually be doing something pretty clever.",
6a544cb9763237d1,"I used to wonder why doctors don’t just hand out antibiotics for every nasty cold, but it turns out they’re built for bacteria, not viruses. Antibiotics attack things bacteria have or do, like building cell walls or making certain proteins. Viruses are different little troublemakers because they hide inside our own cells and use them to make more virus. That’s why an antibiotic won’t “kill” a regular cold virus, even if you feel absolutely miserable. And if we take antibiotics when they aren’t needed, bacteria can get better at surviving them, making infections down the road tougher to treat. So for most colds, it’s usually rest, fluids, patience, and calling a doctor if things get worse or feel unusual.","I used to wonder why doctors don’t just hand out antibiotics for every nasty cold, but it turns out they’re built for bacteria, not viruses. Antibiotics attack things bacteria have or do, like building cell walls or making certain proteins. Viruses are trickier because they slip into our own cells and use the cells’ machinery to make more copies of themselves. That’s why an antibiotic won’t “kill” a regular cold virus, even if you feel absolutely miserable. Taking antibiotics when you don’t need them can also help bacteria learn to resist them, which makes future infections harder to treat. So for most colds, it’s usually rest, fluids, patience, and calling a doctor if things get worse or feel unusual.",
81ea5284e57b2023,"Jet lag isn’t just “ugh, I’m tired from the plane.” It’s more like your body clock is still living in the city you left, while your eyes, meals, and meetings are suddenly on a totally different schedule. That internal clock nudges everything from when you get sleepy or hungry to when you feel sharp, and even the daily rise and dip of your body temperature. So if you cross a bunch of time zones, midnight at your destination might feel like dinner time to your brain, or 7 a.m. might feel like the middle of the night. That’s why you can be exhausted but still wide awake in bed, or weirdly hungry at odd hours. Light helps reset the clock, but it usually takes a few days, which is why the first part of a big trip can feel so strangely out of sync.","Jet lag isn’t just “ugh, I’m tired from the plane.” It’s more like your body clock is still living in the city you left, while your eyes, meals, and meetings are suddenly on a totally different schedule. Your circadian rhythm helps decide when you feel sleepy, hungry, alert, and even when your body temperature rises and falls. That means after a big time-zone jump, midnight where you landed can feel like dinnertime to your brain, and 7 a.m. can feel like the middle of the night. That’s why you can be exhausted but still wide awake in bed, or weirdly hungry at odd hours. Light helps reset the clock, but it usually takes a few days, which is why the first part of a big trip can feel so strangely out of sync.",
4af95c2c31fcc6c2,"I always thought a scratched QR code was basically toast, but apparently they’re tougher than they look.  
QR codes are built with extra backup information, kind of like having the same directions written in a few different places.  
So if a corner is smudged, covered by a logo, or scratched off, your phone can still piece together what’s missing.  
That’s also why some QR codes can have little pictures in the middle and still scan just fine.  
Your phone doesn’t need the whole thing to be flawless — just enough of the pattern to figure out what it says.  
Pretty clever, honestly, and a good reminder that those weird little boxes are doing more than they seem.","I used to figure a scratched-up QR code was done for, but it turns out they can take a surprising amount of abuse.  
QR codes are built with extra backup information, kind of like having the same directions written in a few different places.  
So if a corner is smudged, covered by a logo, or scratched off, your phone can still piece together what’s missing.  
That’s also why some QR codes can have little pictures in the middle and still scan just fine.  
The scanner doesn’t need every tiny square to be perfect; it just needs enough of the pattern to recognize the message.  
Pretty clever, honestly, and a good reminder that those weird little boxes are doing more than they seem.",
d0b41c166ac12254,"Ever wonder why a ZIP file can make a giant document tiny, but barely does anything to your vacation photos or videos? Compression works by finding patterns and shortcuts, kind of like saying “repeat this part 100 times” instead of writing it out over and over. Stuff like plain text files, spreadsheets, and uncompressed raw files usually has plenty of repetition or predictable bits, which gives ZIP a lot to work with. JPEG photos and MP4 videos, though, are already compressed when they’re created, so most of the easy space-saving has already been done. Trying to ZIP them again is like trying to wring water out of an already dry towel. That’s why a folder of documents might shrink dramatically, while a folder of photos or videos may come out almost the same size.","Ever wonder why a ZIP file can make a giant document tiny, but barely does anything to your vacation photos or videos? Compression works by finding patterns and shortcuts, kind of like saying “repeat this part 100 times” instead of writing it out over and over. Plain text, spreadsheets, and some raw files often have lots of repeated or predictable data, so ZIP can squeeze them down a lot. JPEG photos and MP4 videos, though, are already compressed when they’re created, so most of the easy space-saving has already been done. Trying to ZIP them again is like trying to wring water out of an already dry towel. So a batch of documents might zip down to a fraction of its size, while your photos and videos barely budge.",
1711da9aa91895d7,"Ever open a website and think, “Wait, didn’t they just update this?” Sometimes your browser is just showing you a saved copy, called a cache, so pages load faster. That’s usually helpful, but it can also mean you’re seeing old images, menus, or text after the site has changed. A quick refresh often tells your browser to check the site again and pull in the latest version instead of using the copy it saved. If things still look weird, a “hard refresh” or clearing your browser cache usually does the trick. Basically, the website may be updated, but your browser hasn’t gotten the memo yet.","Have you ever opened a website and thought, “Hold on, wasn’t this just updated?” Sometimes your browser is just showing you a saved copy, called a cache, so pages load faster. That’s usually helpful, but it can also mean you’re seeing old images, menus, or text after the site has changed. Hitting refresh can make the browser check again and grab the newer version instead of relying on the saved one. If things still look weird, a “hard refresh” or clearing your browser cache usually does the trick. Basically, the website may be updated, but your browser hasn’t gotten the memo yet.",
25bbeedac08e6b42,"People say their photos or documents are “in the cloud,” but they’re not floating around in the sky. They’re saved on real computers in big data centers, usually owned by companies like Google, Apple, Microsoft, or Dropbox. The handy part is that you can reach those files over the internet from your phone, laptop, or whatever else you’re using. So “the cloud” basically means “someone else’s computer, managed so you don’t have to think about it.” That’s really convenient, but it also means getting to your stuff depends on your internet connection, your passwords, the company’s rules, and how well they protect it. I still use cloud storage all the time, but I try to remember it’s not magic—it’s just remote storage with a nicer name.","People say their photos or documents are “in the cloud,” but they’re not floating around in the sky. They’re saved on real computers in big data centers, usually owned by companies like Google, Apple, Microsoft, or Dropbox. What makes it useful is that you can pull up the same files from your phone, your laptop, or pretty much any device with an internet connection. So “the cloud” basically means “someone else’s computer, managed so you don’t have to think about it.” That can be super convenient, but it also means your files depend on internet access, passwords, company policies, and security practices. I still use cloud storage all the time, but I try to remember it’s not magic—it’s just remote storage with a nicer name.",
6ef5b9e40af12aa7,"Compound interest feels kind of boring at first, because the gains are still pretty small and don’t look like much. But over time, the money you earned starts earning its own money, and then that new money does the same thing too. I always picture a snowball going downhill—the first few turns don’t look like much, and then suddenly it’s getting bigger fast. That’s why the early years can feel slow, even if things are actually working in the background. The real magic shows up when you give it enough time to stack on itself over and over. Basically, patience is the part that makes compound interest go from “meh” to “wait, how did it grow that much?”","Compound interest feels kind of boring at first, because the gains are still pretty small and don’t look like much. After a while, though, the interest you’ve earned starts earning interest of its own, and that keeps building. It’s a bit like a snowball rolling downhill: the first few rolls don’t seem impressive, but eventually it picks up size fast. That’s why the early years can feel slow, even if things are actually working in the background. The real magic shows up when you give it enough time to stack on itself over and over. Basically, patience is the part that makes compound interest go from “meh” to “wait, how did it grow that much?”",
957fcfdad9767d8c,"When prices keep climbing, central banks often raise interest rates to try to slow things down. When loans get pricier, the hope is that households and businesses pull back a bit on spending, easing some of the pressure that pushes prices up. But there’s a real downside: the same rate hikes can make mortgages, car loans, credit cards, and business loans more expensive. That can be tough for families trying to buy a home and for small businesses trying to grow or even stay afloat. So it’s a balancing act — cool inflation without squeezing people so hard that the economy stalls. Basically, higher rates can help with rising prices, but they don’t come without pain.","When prices keep climbing, central banks often raise interest rates to try to slow things down. The idea is that if borrowing costs more, people and companies may spend a little less, which can take pressure off prices. The catch is that those higher rates also show up in everyday borrowing, from mortgages and car loans to credit cards and loans for businesses. That can be tough for families trying to buy a home and for small businesses trying to grow or even stay afloat. So it’s a balancing act — cool inflation without squeezing people so hard that the economy stalls. Basically, higher rates can help with rising prices, but they don’t come without pain.",
24d0215917b0febc,"I was standing in line for an iced coffee this morning and realized I only had enough time to grab that or take the longer walk before work.  
I picked the coffee, which was great, but the “cost” wasn’t just the five bucks.  
It was also giving up the quiet walk, the fresh air, and probably a slightly less grumpy start to my day.  
Turns out, that’s opportunity cost—the other thing you give up when you pick one option over another.  
It sounds fancy, but it shows up in tiny choices all the time, like scrolling for 20 minutes instead of calling a friend.  
Not saying every choice has to be deep, but now I’m mildly annoyed that my coffee came with a side of life lesson.","This morning, while I was waiting for an iced coffee, I realized I only had time for that or the longer walk before work, not both.  
I picked the coffee, which was great, but the “cost” wasn’t just the five bucks.  
It was also giving up the quiet walk, the fresh air, and probably a slightly less grumpy start to my day.  
That’s basically opportunity cost: the thing you miss out on when you choose something else.  
It sounds fancy, but it shows up in tiny choices all the time, like scrolling for 20 minutes instead of calling a friend.  
Not saying every choice has to be deep, but now I’m mildly annoyed that my coffee came with a side of life lesson.",
75c183a45544c79c,"I caught myself almost sticking with a lousy plan today just because I’d already spent money on it. That’s the sunk-cost fallacy in action: we keep pushing on because stopping feels like admitting we wasted what we already put in. But the money, time, or effort already spent is gone either way. The better question is, “Knowing what I know now, would I choose this again?” If the answer is no, walking away might actually be the smartest move, not a failure. Past spending can teach us, but it shouldn’t get to boss around the next decision.","I nearly talked myself into sticking with a bad plan today, mostly because I’d already paid for it. That little trap is called the sunk-cost fallacy: we keep going because quitting feels like admitting we wasted something. But the money, time, or effort already spent is gone either way. The better question is, “Knowing what I know now, would I choose this again?” If the answer is no, walking away might actually be the smartest move, not a failure. Past spending can teach us, but it shouldn’t get to boss around the next decision.",
acf530c71d429be1,"Quick geography/naming note, because this confused me for years: England, Great Britain, and the United Kingdom are not the same thing. England is one country, alongside Scotland, Wales, and Northern Ireland. Great Britain is the island with England, Scotland, and Wales on it—Northern Ireland isn’t part of it. The United Kingdom is the country made up of England, Scotland, Wales, and Northern Ireland. So if you call the whole UK “England,” you’re leaving out a lot of people who definitely notice. Basically: England is part of Great Britain, and Great Britain is part of the UK.","Quick geography/naming note, because this confused me for years: England, Great Britain, and the United Kingdom are not the same thing. England is one country, alongside Scotland, Wales, and Northern Ireland. Great Britain is the island that includes England, Scotland, and Wales, but not Northern Ireland. The United Kingdom, meanwhile, is the country that includes England, Scotland, Wales, and Northern Ireland. So if you call the whole UK “England,” you’re leaving out a lot of people who definitely notice. Basically: England is part of Great Britain, and Great Britain is part of the UK.",
9cd602fd242d8ce2,"I used to think “monsoon” just meant weeks of nonstop rain, but it’s really more about a seasonal shift in winds. In a lot of regions, the land warms up quicker than the ocean, and that difference draws damp, ocean air toward shore. When those winds blow in from the sea, they can bring huge amounts of rain, which is why we associate monsoons with downpours. Later in the year, the pattern can flip, with winds moving the other way and bringing much drier weather. So the rain is the part we notice, but the “monsoon” is actually the changing wind system behind it. Kind of wild that something as everyday as wind direction can shape whole seasons, farms, water supplies, and daily life for millions of people.","Honestly, I always thought a monsoon was just weeks of nonstop rain, but it turns out it’s really about winds shifting with the seasons. In many places, land heats up faster than the ocean, and that temperature difference helps pull moist air inland. When those winds blow in from the sea, they can bring huge amounts of rain, which is why we associate monsoons with downpours. Later in the year, the pattern can flip, with winds moving the other way and bringing much drier weather. So the rain is the part we notice, but the “monsoon” is actually the changing wind system behind it. Kind of wild that something as everyday as wind direction can shape whole seasons, farms, water supplies, and daily life for millions of people.",
640db17464673b8b,"It still amazes me that places around the Mediterranean can have such blazing, bone-dry summers and then turn so green and rainy in winter.Basically, it comes down to shifting wind and pressure patterns through the year.In summer, a belt of high pressure often settles in, keeping skies clear and pushing storms away.In winter, that high pressure weakens or moves, and storm tracks can dip closer to the region, bringing cooler air and rain.The sea also helps soften the cold, so winter usually feels milder than places farther inland.So the classic Mediterranean pattern is pretty simple: hot, dry summers and mild, wet winters, with the seasons taking turns between sunshine and storms.","I’ve always thought it’s interesting how so many Mediterranean places get those sunny, bone-dry summers but still have green, rainy winters.Basically, it comes down to shifting wind and pressure patterns through the year.In summer, a belt of high pressure often settles in, keeping skies clear and pushing storms away.Come winter, that high pressure tends to back off or shift elsewhere, letting storm tracks slide closer and bring in cooler air and rain.The sea also helps soften the cold, so winter usually feels milder than places farther inland.So the classic Mediterranean pattern is pretty simple: hot, dry summers and mild, wet winters, with the seasons taking turns between sunshine and storms.",
fb732c7811f8def6,"I always laugh at the old “Iceland is green and Greenland is ice” joke, but the real story is better than that. Iceland was named by early Norse settlers, and one story says a guy named Hrafna-Flóki saw a fjord full of ice and gave the place a very dramatic review. Greenland’s name, on the other hand, was basically medieval marketing: Erik the Red was trying to persuade people to move there, so “Greenland” sounded a lot more inviting. It also wasn’t a total lie, because parts of southern Greenland can be surprisingly green in summer. Basically, the names aren’t backwards—they’re little time capsules of first impressions, clever salesmanship, and what the landscape looked like in the right season. Honestly, history is funnier when you realize even Vikings cared about branding.","I always laugh at the old “Iceland is green and Greenland is ice” joke, but the real story is better than that. Iceland was named by early Norse settlers, and one story says a guy named Hrafna-Flóki saw a fjord full of ice and gave the place a very dramatic review. Greenland’s name, on the other hand, was basically medieval marketing: Erik the Red was trying to persuade people to move there, so “Greenland” sounded a lot more inviting. It also wasn’t a total lie, because parts of southern Greenland can be surprisingly green in summer. So the names aren’t really “backwards” so much as snapshots of first impressions, salesmanship, and local seasons. I don't know, I just love the idea that even Vikings understood the value of good branding.",
dab4c447623a34ec,"I’ve noticed people sometimes use “kosher” and “halal” like they mean the same thing, but they’re not interchangeable.  
They do have some overlap, like avoiding pork and caring about how animals are slaughtered.  
One clear example is that kosher rules separate meat and dairy, while halal rules don’t have that same restriction.  
Alcohol is another big difference, since many halal standards prohibit it, while kosher wine and other kosher-certified alcohol can exist.  
Also, certification depends on religious authorities and communities, so a food being acceptable to one group doesn’t automatically make it acceptable to the other.  
I think it’s worth being specific and asking respectfully, instead of assuming one label covers everyone’s needs.","I’ve noticed people sometimes use “kosher” and “halal” like they mean the same thing, but they’re not interchangeable.  
They do have some overlap, like avoiding pork and caring about how animals are slaughtered.  
But the details can be very different, especially around things like mixing meat and dairy in kosher practice, which isn’t a halal rule.  
Alcohol is another big difference, since many halal standards prohibit it, while kosher wine and other kosher-certified alcohol can exist.  
And because certification comes from different religious authorities and communities, something that works for one group may not work for the other.  
I think it’s worth being specific and asking respectfully, instead of assuming one label covers everyone’s needs.",
9db6c3129e43f0f6,"I used to think sushi basically meant “raw fish,” but it turns out that’s not really right. What makes sushi sushi is the vinegared rice, usually seasoned with a little sugar and salt. You might see raw fish on top, but you’ll also find cooked shrimp, crab, egg, avocado, cucumber, tofu, and all kinds of other fillings. That’s why rolls like California rolls or veggie rolls still count as sushi even though there’s no raw seafood in them. Sashimi is actually the word for sliced raw fish served without the sushi rice. So if you’ve avoided sushi because raw fish isn’t your thing, there’s a good chance you still have options you might like.","I always thought sushi just meant “raw fish,” but apparently I had that wrong. What makes sushi sushi is the vinegared rice, usually seasoned with a little sugar and salt. The topping or filling can be raw fish, sure, but it can also be cooked shrimp, crab, egg, avocado, cucumber, tofu, or plenty of other things. That’s why rolls like California rolls or veggie rolls still count as sushi even though there’s no raw seafood in them. Sashimi is actually the word for sliced raw fish served without the sushi rice. So if you’ve avoided sushi because raw fish isn’t your thing, there’s a good chance you still have options you might like.",
a941c7ef07727fcd,"I was thinking today about how Britain and Japan both made tea feel important, but in such different ways.
In Britain, it’s often about a strong brew, a splash of milk, maybe biscuits, and a chat at the kitchen table or during afternoon tea.
In Japan, tea can be much more ritualized, especially with matcha being carefully whisked and served in a calm, simple setting.
The British version feels cozy and everyday, like a reason to pause and catch up with someone.
A Japanese tea ceremony, by contrast, feels quieter and more thoughtful, with even the smallest gesture or utensil showing care and respect.
Both traditions turn tea into more than just a drink, but one leans toward comfort and conversation while the other leans toward mindfulness and ceremony.","I was thinking today about how Britain and Japan both made tea feel important, but in such different ways.
In Britain, it’s often about a strong brew, a splash of milk, maybe biscuits, and a chat at the kitchen table or during afternoon tea.
In Japan, tea can be much more ritualized, especially with matcha being carefully whisked and served in a calm, simple setting.
The British version feels cozy and everyday, like a reason to pause and catch up with someone.
The Japanese tea ceremony feels more reflective, with every movement and object carrying a sense of respect and attention.
In the end, both make tea feel like something bigger than the cup itself, though Britain’s feels more about comfort and conversation, while Japan’s feels more about mindfulness and ceremony.",
1e8a56e4a8f44cba,"I used to think tacos and burritos were basically cousins with different outfits, but they’re built pretty differently. A taco is usually smaller and open-faced, with a tortilla folded around a few fillings, so every bite is a little messy in the best way. A burrito, on the other hand, gets fully rolled up in a larger flour tortilla, with things like rice, beans, meat, salsa, and cheese packed inside. Tacos have deep roots in Mexico and come in tons of regional styles, from street tacos to tacos al pastor. Burritos are also tied to Mexican and Mexican-American food traditions, especially northern Mexico and the U.S. border region, where that big wrapped format became especially popular. So they’re not just “small versus large” — tacos are more like handheld bites with the filling on display, while burritos are a sealed, portable meal. Either way, I’m not turning down either one.","I used to think tacos and burritos were basically cousins with different outfits, but they’re built pretty differently. A taco is usually smaller and open-faced, with a tortilla folded around a few fillings, so every bite is a little messy in the best way. A burrito is wrapped up completely, often with a bigger flour tortilla and fillings like rice, beans, meat, salsa, and cheese all tucked inside. Tacos have deep roots in Mexico and come in tons of regional styles, from street tacos to tacos al pastor. Burritos have their own story too, closely linked with northern Mexico and Mexican-American communities along the U.S. border, where the big fully wrapped version really took off. So they’re not just “small versus large” — tacos are more like handheld bites with the filling on display, while burritos are a sealed, portable meal. Either way, I’m not turning down either one.",
633e6f74a6cb4f7f,"I used to wonder why Japanese “needs” three writing systems, but it actually makes a lot of sense once you see them in action. Kanji are the Chinese-derived characters, and they’re mostly used for core meanings like nouns, verb roots, and adjectives, so you can spot the main idea quickly. Hiragana is the curvy-looking script used for grammar endings, particles, and native words that don’t usually use kanji. Katakana is the sharper-looking one, often used for foreign loanwords, names, sound effects, emphasis, and sometimes a cool design vibe. Japanese didn’t just settle on one because each script has its own job, and the mix makes sentences easier to scan than a wall of the same kind of symbols. It’s kind of like using uppercase, lowercase, italics, and emojis for different effects, except Japanese built that variety right into the writing system. So yeah, it looks complicated at first, but the “three scripts” setup is more practical than random.","I used to wonder why Japanese “needs” three writing systems, but it actually makes a lot of sense once you see them in action. Kanji are the Chinese-derived characters, and they’re mostly used for core meanings like nouns, verb roots, and adjectives, so you can spot the main idea quickly. Hiragana is the curvy-looking script used for grammar endings, particles, and native words that don’t usually use kanji. Katakana is the more angular-looking script, and you’ll see it a lot in foreign loanwords, names, sound effects, emphasis, and even for a bit of stylish flair. Japanese didn’t just pick one because each script does a different job, and mixing them makes sentences easier to read than a long stream of all the same symbols. It’s kind of like using uppercase, lowercase, italics, and emojis for different effects, except Japanese built that variety right into the writing system. So yeah, it looks complicated at first, but the “three scripts” setup is more practical than random.",
b6b24d13a6bb79ee,"English spelling is weird, but sometimes it’s weird for a reason.  
Take “knight,” for example: people really did used to pronounce the “k” and the “gh” sound, so it was much closer to how it looks.  
Over time, the pronunciation changed, but the spelling basically stayed parked in the past.  
Same with words like “through” and “though,” where old sounds and spelling habits got frozen even after everyday speech moved on.  
So when English spelling feels like somebody’s messing with you, it’s often just carrying around old clues about how people used to talk.  
Still annoying when you’re trying to spell it, though.","English spelling is weird, but sometimes it’s weird for a reason.  
Take “knight,” for example: people really did used to pronounce the “k” and the “gh” sound, so it was much closer to how it looks.  
Over time, the pronunciation changed, but the spelling basically stayed parked in the past.  
You see it in “through” and “though,” too, where older sounds and spelling habits stuck around while normal speech kept changing.  
So when English spelling feels like a prank, it’s often more like a little fossil of how people used to talk.  
Still annoying when you’re trying to spell it, though.",
a04468185012c5be,"I saw a fun language fact today: in some languages, everyday things like tables, books, or the moon have “grammatical gender.”
Basically, it means the language groups nouns into buckets—masculine, feminine, and sometimes neuter—based on its own grammar rules.
It does not mean speakers think a chair is literally male or a spoon is literally female.
It’s more like a pattern built into the language, the same way English has irregular plurals that don’t always make obvious sense.
So when someone says a word is “masculine” in French or “feminine” in Spanish, they’re talking about grammar, not biology.
Language can be weird, but that’s part of what makes it interesting.","I saw a fun language fact today: in some languages, everyday things like tables, books, or the moon have “grammatical gender.”
That just means the language sorts nouns into categories like masculine, feminine, or sometimes neuter, depending on its grammar rules.
It does not mean speakers think a chair is literally male or a spoon is literally female.
It’s more like a pattern built into the language, the same way English has irregular plurals that don’t always make obvious sense.
So when someone says a word is “masculine” in French or “feminine” in Spanish, they’re talking about grammar, not biology.
Honestly, that kind of weirdness is part of what makes language so fascinating.",
c2a11f57da9c9e5a,"I’ve seen people say Mandarin and Cantonese are “just dialects,” but that word can be pretty misleading. In everyday speech, “dialect” often sounds like two people should mostly understand each other, but Mandarin and Cantonese are not mutually intelligible when spoken. A Mandarin speaker who hasn’t studied Cantonese usually won’t follow a Cantonese conversation, and the reverse is true too. Part of the confusion is political: in China, they’re often grouped as varieties of one Chinese language, partly because they share history, culture, and a writing system to some extent. From a linguistic point of view, though, Mandarin and Cantonese can be as different as languages we’d have no trouble calling separate in other parts of the world. So when someone says “Chinese dialect,” it’s worth asking whether they mean a political/cultural category or actual spoken mutual understanding.","I’ve seen people say Mandarin and Cantonese are “just dialects,” but that word can be pretty misleading. In everyday speech, “dialect” often sounds like two people should mostly understand each other, but Mandarin and Cantonese are not mutually intelligible when spoken. A Mandarin speaker who hasn’t studied Cantonese usually won’t follow a Cantonese conversation, and the reverse is true too. A lot of the confusion comes from politics: in China, Mandarin and Cantonese are often treated as varieties of one Chinese language, partly because they share history, culture, and, to some degree, a writing system. Linguistically, though, the differences can be more like what people think of as separate languages in other parts of the world. So when someone says “Chinese dialect,” it’s worth asking whether they mean a political/cultural category or actual spoken mutual understanding.",
6da7d9476533133f,"It’s funny to imagine now, but Impressionist paintings once looked almost unfinished to a lot of people. Instead of the smooth, polished scenes people were used to, painters like Monet and Renoir leaned into quick brushstrokes, brighter color, and everyday glimpses of modern life. They were trying to capture the feeling of light and movement, not make everything look like a perfectly staged history painting. That was pretty shocking in a world where official art shows favored big, serious, highly finished works. When the Impressionists started organizing their own exhibitions outside the traditional Salon, it gave them room to take risks and also made them seem like a rebellious group. So part of what made the movement radical was the art itself, and part of it was the way they found new ways to show it.","It’s funny to imagine now, but Impressionist paintings once looked almost unfinished to a lot of people. Instead of smooth, polished scenes with every detail carefully hidden, artists like Monet and Renoir used quick brushstrokes, bright colors, and ordinary moments from modern life. They were trying to capture the feeling of light and movement, not make everything look like a perfectly staged history painting. That was pretty shocking in a world where official art shows favored big, serious, highly finished works. By putting on their own shows instead of waiting for approval from the traditional Salon, the Impressionists had more freedom to experiment—and they looked all the more defiant for it. So part of what made the movement radical was the art itself, and part of it was the way they found new ways to show it.",
2c190b0fafd0f03c,"I’ve seen Picasso’s Guernica a bunch of times in books, but it hits differently when you remember what it’s actually about. Back in 1937, in the middle of the Spanish Civil War, Guernica was attacked by Nazi German and Italian warplanes backing Franco, and many civilians were killed. Picasso turned that horror into a huge black, white, and gray painting that feels more like a scream than a scene. The broken bodies, the crying mother holding her dead child, the terrified horse, and the harsh light all make it feel chaotic and unbearable. There’s no neat battlefield or heroic victory here, just ordinary people and animals caught in violence they can’t escape. That’s why it still works so powerfully as an anti-war image: it doesn’t glorify anything, it just shows the human cost.","I’ve seen Picasso’s Guernica a bunch of times in books, but it hits differently when you remember what it’s actually about. In 1937, during the Spanish Civil War, the town of Guernica was bombed by Nazi German and Italian planes supporting Franco’s forces, killing many civilians. Picasso turned that horror into a huge black, white, and gray painting that feels more like a scream than a scene. The shattered bodies, the mother wailing over her dead child, the panicked horse, and that glaring light make the whole thing feel chaotic and almost unbearable. There’s no neat battlefield or heroic victory here, just ordinary people and animals caught in violence they can’t escape. That’s why it still works so powerfully as an anti-war image: it doesn’t glorify anything, it just shows the human cost.",
5aac212c3410dc34,"I used to think Bauhaus just meant clean lines, boxy chairs, and a lot of circles and squares.But the school was really trying to rethink everyday life after World War I, asking how art, craft, technology, and housing could work together for regular people.Instead of making fancy objects for a few wealthy buyers, they wanted good design to be practical, affordable, and built for modern life.That’s why their ideas showed up in everything from furniture and posters to apartment buildings and kitchen tools.Its influence traveled so far partly because Bauhaus teachers and students were pushed out of Germany by the Nazis and took those ideas with them to new countries.So when we see simple, useful, no-fuss design today, there’s a decent chance Bauhaus helped make that feel normal.","For the longest time, I thought Bauhaus was basically just clean lines, boxy chairs, and lots of circles and squares.But the school was really trying to rethink everyday life after World War I, asking how art, craft, technology, and housing could work together for regular people.Instead of making fancy objects for a few wealthy buyers, they wanted good design to be practical, affordable, and built for modern life.That’s why their ideas showed up in everything from furniture and posters to apartment buildings and kitchen tools.Its influence spread so widely because many Bauhaus teachers and students left Germany under Nazi pressure and carried those ideas to other countries.So when we see simple, useful, no-fuss design today, there’s a decent chance Bauhaus helped make that feel normal.",
428b02385441aa5d,"I was watching an old movie last night and got reminded how weird it is when classics get “fixed” to fit a modern TV. An aspect ratio is just the shape of the picture, like whether it’s more square or super wide. A lot of older films were shot for different-shaped screens, so directors were composing each shot for that exact frame. So when a wide movie gets cropped to fill your screen, you’re not just losing black bars — you might be losing a person standing at the edge, a background detail, or the whole balance of the scene. Those black bars can feel annoying, but they’re often there so you can see the movie the way it was actually composed. Basically, filling the screen isn’t always the same as seeing the whole picture.","I was watching an old movie last night and got reminded how weird it is when classics get “fixed” to fit a modern TV. An aspect ratio is just the shape of the picture, like whether it’s more square or super wide. Older films were made in all kinds of shapes, and the director framed every shot with that shape in mind. So when a wide movie gets cropped to fill your screen, you’re not just losing black bars — you might be losing a person standing at the edge, a background detail, or the whole balance of the scene. I know the black bars can be a little irritating, but they’re usually there so you can see the film the way it was originally framed. Basically, filling the screen isn’t always the same as seeing the whole picture.",
dc74ba5a322c1434,"I keep seeing the “goldfish only remember three seconds” thing, and it’s one of those facts that sounds fun but just isn’t true. Researchers have shown that goldfish can learn routines, recognize feeding cues, and remember things for weeks or even months. Anyone who has kept them has probably noticed they start gathering at the front of the tank when a person walks over or when it’s close to feeding time. They can also be trained to swim through hoops or respond to certain colors and sounds, which would be pretty impossible with a three-second memory. So no, they’re not tiny geniuses plotting world domination, but they definitely remember more than people give them credit for. The whole “few seconds” thing is just a myth, and honestly, goldfish deserve a little more respect.","I keep seeing the “goldfish only remember three seconds” thing, and it’s one of those facts that sounds fun but just isn’t true. Studies have found that goldfish can pick up routines, respond to feeding signals, and hold onto what they’ve learned for weeks or even months. Anyone who has kept them has probably noticed they start gathering at the front of the tank when a person walks over or when it’s close to feeding time. They can also be trained to swim through hoops or respond to certain colors and sounds, which would be pretty impossible with a three-second memory. So no, they’re not tiny geniuses plotting world domination, but they definitely remember more than people give them credit for. Basically, the “few seconds” claim is a myth, and goldfish deserve a little more respect.",
ef1c3207e638cf31,"I used to believe shaving made hair come back thicker, but it’s mostly just a weird optical illusion. When you shave, you cut the hair off bluntly at the surface instead of letting it taper naturally at the end. So when it starts growing back, that short blunt edge can feel prickly and look a little darker or more noticeable. The follicle under your skin isn’t getting bigger or producing tougher hair just because you shaved. It’s also easier to notice regrowth when the hairs are all the same short length at once. Basically, shaving changes the shape of the hair tip, not the way the hair grows from the root.","I used to believe shaving made hair come back thicker, but it’s mostly just a weird optical illusion. When you shave, you cut the hair off bluntly at the surface instead of letting it taper naturally at the end. So when it starts growing back, that short blunt edge can feel prickly and look a little darker or more noticeable. The actual follicle under the skin hasn’t changed size or started making stronger hair just because a razor touched it. And when all the stubble is coming in at the same tiny length, you notice it more. Basically, shaving changes the shape of the hair tip, not the way the hair grows from the root.",
53c4f5f4a20fc070,"I always thought “blind as a bat” was kind of funny, because bats can actually see just fine. Some bats see better than others, depending on the species, but they’re not just flapping around in the dark crashing into things. Echolocation is like an extra sense on top of vision: they send out tiny sounds and listen for the echoes bouncing back. That helps them figure out where insects, trees, cave walls, and other obstacles are, even when it’s pitch black. So it’s not that bats are blind — they’re basically using sight plus a built-in sonar system. Honestly, “sharp as a bat” might be a lot more accurate.","I always thought “blind as a bat” was kind of funny, because bats can actually see just fine. Their eyesight varies by species, but they’re definitely not flying around in total darkness bumping into everything. Echolocation gives them another way to “see”: they make high-pitched sounds and use the echoes that bounce back. That helps them figure out where insects, trees, cave walls, and other obstacles are, even when it’s pitch black. So it’s not that bats are blind — they’re basically using sight plus a built-in sonar system. Honestly, “sharp as a bat” might be a lot more accurate.",
2de85b1d2e059407,"Cold weather doesn’t magically give you a virus, even if it feels that way sometimes. You still have to come into contact with a germ, like a cold or flu virus, to actually get sick. But in the colder months, we spend more time indoors with windows closed, which makes it easier for viruses to spread from person to person. That dry air can leave your nose and throat feeling raw, which means your usual germ defenses may not work quite as well. Plus, some viruses survive better in cooler, drier conditions, so they may hang around longer. So no, your grandma wasn’t exactly right that being cold alone causes a cold, but she was onto something about winter being sickness season. Stay warm, wash your hands, and maybe don’t share snacks with the person who’s coughing next to you.","Cold weather doesn’t magically give you a virus, even if it feels that way sometimes. You still have to come into contact with a germ, like a cold or flu virus, to actually get sick. But in the colder months, we spend more time indoors with windows closed, which makes it easier for viruses to spread from person to person. Dry winter air can also irritate our noses and throats, making it a little harder for our bodies to block germs. Some viruses also seem to last longer in cool, dry air, giving them more chances to spread. So no, your grandma wasn’t exactly right that being cold alone causes a cold, but she was onto something about winter being sickness season. Stay warm, wash your hands, and maybe don’t share snacks with the person who’s coughing next to you.",
efabc4ee00eb14c0,"12 апреля 1961 года Юрий Гагарин стал первым человеком, который полетел в космос.
Он стартовал на корабле «Восток-1» и за 108 минут облетел Землю.
Его знаменитое «Поехали!» до сих пор знают даже те, кто далёк от космонавтики.
Это стало настоящим прорывом для науки и техники: впервые стало ясно, что человек может выйти за пределы Земли.
Для всего мира это событие стало символом смелости, мечты и веры в будущее.
А для нашей страны 12 апреля навсегда осталось Днём космонавтики и поводом гордиться теми, кто открывал дорогу к звёздам.","12 апреля 1961 года Юрий Гагарин стал первым человеком, который полетел в космос.
Он стартовал на корабле «Восток-1» и за 108 минут облетел Землю.
Его знаменитое «Поехали!» до сих пор знают даже те, кто далёк от космонавтики.
Это был огромный шаг для науки и техники, потому что люди впервые доказали: полёт за пределы Земли возможен.
Во всём мире этот полёт стал знаком смелости, мечты и веры в то, что будущее можно приблизить.
А для нашей страны 12 апреля навсегда осталось Днём космонавтики и поводом гордиться теми, кто открывал дорогу к звёздам.",
f80b276e922621c4,"Японская кухня чаще про чистый вкус продукта: свежая рыба, рис, соевый соус, водоросли и минимум лишнего.  
Корейская, наоборот, обычно ярче и острее: кимчи, чеснок, кунжутное масло, паста кочудян и много ферментированных вкусов.  
В Японии сразу вспоминаются суши, рамен, мисо-суп, темпура и аккуратные бенто, где всё разложено почти как маленькая композиция.  
В Корее на столе легко окажутся пибимпап, кимчиччигэ, корейское барбекю, токпокки и куча маленьких закусок панчхан, которые все пробуют вместе.  
За японским столом чаще чувствуется сдержанность: порции небольшие, вкус спокойный, а палочки не принято втыкать в рис.  
В Корее всё чаще крутится вокруг общего стола: мясо жарят тут же, блюда ставят на всех, а попросить добавку и оживлённо болтать — совершенно нормально.","Японская кухня чаще про чистый вкус продукта: свежая рыба, рис, соевый соус, водоросли и минимум лишнего.  
Корейская, наоборот, обычно ярче и острее: кимчи, чеснок, кунжутное масло, паста кочудян и много ферментированных вкусов.  
Если говорить о Японии, на ум первыми приходят суши, рамен, мисо-суп, темпура и бенто — аккуратные коробочки, где всё разложено как небольшая композиция.  
В Корее на столе легко окажутся пибимпап, кимчиччигэ, корейское барбекю, токпокки и куча маленьких закусок панчхан, которые все пробуют вместе.  
За японским столом чаще чувствуется сдержанность: порции небольшие, вкус спокойный, а палочки не принято втыкать в рис.  
В Корее еда более общая и шумная: мясо жарят прямо за столом, блюда делят на всех, а добавка и активные разговоры только приветствуются.",
97d710e1949f26b5,"Замечали, что металлическая скамейка на улице кажется ледяной, а деревянная рядом — вполне терпимой? Хотя температура у них одинаковая, металл гораздо быстрее забирает тепло от вашей руки или тела. Из-за этого кожа резко остывает, и мозг воспринимает металл как более холодный. Дерево проводит тепло намного хуже, поэтому оно не «вытягивает» его так быстро. Вот и кажется, что деревянная скамейка теплее, хотя термометр показал бы у неё ровно те же градусы. То есть дело не в температуре предмета, а в том, как быстро он обменивается теплом с нами. Вот почему зимой лучше присесть на дерево, а не на металл — тело скажет спасибо.","Замечали, что металлическая скамейка на улице кажется ледяной, а деревянная рядом — вполне терпимой? Хотя температура у них одинаковая, металл гораздо быстрее забирает тепло от вашей руки или тела. Из-за этого кожа резко остывает, и мозг воспринимает металл как более холодный. Дерево проводит тепло намного хуже, поэтому оно не «вытягивает» его так быстро. Поэтому деревянная скамейка ощущается теплее, даже если термометр показал бы те же самые градусы. Иными словами, ощущение зависит не от «градусов» на скамейке, а от того, с какой скоростью она забирает у нас тепло. Вот почему зимой лучше присесть на дерево, а не на металл — тело скажет спасибо.",
681e78541c3af6e2,"Когда мы простужаемся, чаще всего виноваты вирусы, а не бактерии.  
Антибиотики работают против бактерий: они мешают им расти, размножаться или разрушать наши ткани.  
С вирусами всё по-другому: они забираются в наши клетки и размножаются за их счёт, поэтому обычные антибиотики против них бессильны.  
Если пить антибиотики при вирусной простуде “на всякий случай”, можно получить побочные эффекты и помочь бактериям стать устойчивыми к лечению.  
При большинстве ОРВИ помогают отдых, питьё, проветривание, увлажнение воздуха и средства, которые облегчают симптомы.  
А вот если температура держится долго, становится хуже или появляются необычные симптомы, лучше обратиться к врачу — иногда к вирусу может присоединиться бактериальная инфекция.","Когда мы простужаемся, чаще всего виноваты вирусы, а не бактерии.  
Антибиотики нужны для борьбы с бактериями: они не дают им нормально расти, размножаться и вредить организму.  
Вирусы устроены иначе: они проникают внутрь наших клеток и используют их как “фабрики” для своего размножения, поэтому обычные антибиотики на них не действуют.  
Если пить антибиотики при вирусной простуде “на всякий случай”, можно получить побочные эффекты и помочь бактериям стать устойчивыми к лечению.  
При большинстве ОРВИ помогают отдых, питьё, проветривание, увлажнение воздуха и средства, которые облегчают симптомы.  
А вот если температура держится долго, становится хуже или появляются необычные симптомы, лучше обратиться к врачу — иногда к вирусу может присоединиться бактериальная инфекция.",
599a6986550fb222,"Удалили файл с компьютера — и кажется, что он просто исчез навсегда. На самом деле чаще всего система просто помечает место, где лежали данные, как свободное. Пока на этот участок диска не записана новая информация, файл иногда можно восстановить специальными программами. Поэтому корзина, «удалить навсегда» и даже форматирование не всегда означают мгновенное уничтожение данных. Если нужно действительно стереть что-то важное, лучше использовать специальные инструменты для безопасного удаления или шифрование диска. Об этом точно стоит помнить, если собираетесь продавать ноутбук, телефон или внешний накопитель. Так что удаление файла — это скорее снятие таблички с полки, чем немедленное сжигание самой полки.","Удалили файл с компьютера — и кажется, что он просто исчез навсегда. На самом деле чаще всего система просто помечает место, где лежали данные, как свободное. Пока на этот участок диска не записана новая информация, файл иногда можно восстановить специальными программами. Поэтому корзина, «удалить навсегда» и даже форматирование не всегда означают мгновенное уничтожение данных. Если речь о действительно важных данных, стоит воспользоваться программами для надежного стирания или заранее включить шифрование диска. Особенно это актуально перед продажей ноутбука, телефона или внешнего накопителя. Так что удаление файла — это скорее снятие таблички с полки, чем немедленное сжигание самой полки.",
792307b8e5cdd6b8,"Инфляция снижается — это не значит, что цены в магазинах начали падать.  
Это значит, что они растут медленнее, чем раньше.  
Например, если в прошлом месяце молоко подорожало со 100 до 110 рублей, это был рост на 10 рублей.  
А в этом месяце оно стало стоить 115 рублей: цена снова выросла, но уже только на 5 рублей.  
Вот это и называется замедлением инфляции: товары продолжают дорожать, просто не такими быстрыми темпами.  
Чтобы цены начали снижаться, нужна уже не низкая инфляция, а дефляция — и такое бывает гораздо реже.","Инфляция снижается — это не значит, что цены в магазинах начали падать.  
Это значит, что они растут медленнее, чем раньше.  
Например, если молоко в прошлом месяце подорожало со 100 до 110 рублей, рост был 10 рублей.  
А в этом месяце оно стало стоить 115 рублей: цена снова выросла, но уже только на 5 рублей.  
Вот это и называется замедлением инфляции: товары продолжают дорожать, просто не такими быстрыми темпами.  
А чтобы цены действительно пошли вниз, нужна не просто низкая инфляция, а дефляция — такое случается заметно реже.",
e646bc0c4a655780,"Путаетесь в Англии, Великобритании и Соединённом Королевстве? Всё проще, чем кажется: Англия — это только одна часть страны, где находятся Лондон, Манчестер и Ливерпуль. Великобритания — это остров, на котором расположены Англия, Шотландия и Уэльс. А Соединённое Королевство — это уже государство целиком: Англия, Шотландия, Уэльс и Северная Ирландия. То есть Северная Ирландия не находится на острове Великобритания, но входит в Соединённое Королевство. Так что британцем может быть шотландец, валлиец или житель Северной Ирландии, а вот англичанином — только тот, кто из Англии. Если совсем коротко: Англия — часть, Великобритания — остров, Соединённое Королевство — страна.","Путаетесь в Англии, Великобритании и Соединённом Королевстве? Всё проще, чем кажется: Англия — это только одна часть страны, где находятся Лондон, Манчестер и Ливерпуль. Великобритания — это остров, на котором расположены Англия, Шотландия и Уэльс. А Соединённое Королевство — это уже государство целиком: Англия, Шотландия, Уэльс и Северная Ирландия. Проще говоря, Северная Ирландия находится не на острове Великобритания, но всё равно является частью Соединённого Королевства. Поэтому британцем может быть и шотландец, и валлиец, и житель Северной Ирландии, а англичанином — только человек из Англии. Если совсем коротко: Англия — часть, Великобритания — остров, Соединённое Королевство — страна.",
afe951446b084dc6,"Многие думают, что суши — это просто сырая рыба, но на самом деле главное в них — правильно приготовленный рис с рисовым уксусом.  
Именно этот рис, а не начинка, делает блюдо суши.  
Сверху или внутри могут быть рыба, морепродукты, омлет, овощи, сыр, грибы или даже тофу.  
Например, есть роллы с креветкой темпура, угрём, крабом, авокадо, огурцом или японским омлетом — и никакой сырой рыбы.  
Есть и разные форматы — нигири, маки, темаки, гункан, — но суть не меняется: рис и подходящая к нему добавка.  
Так что если вы избегаете сырой рыбы, суши всё равно могут вам понравиться — просто выбирайте запечённые, овощные или варианты с готовыми морепродуктами.","Многие думают, что суши — это просто сырая рыба, но на самом деле главное в них — правильно приготовленный рис с рисовым уксусом.  
Именно этот рис, а не начинка, делает блюдо суши.  
В качестве начинки могут быть рыба и морепродукты, омлет, овощи, сыр, грибы или даже тофу.  
Например, есть роллы с креветкой темпура, угрём, крабом, авокадо, огурцом или японским омлетом — и никакой сырой рыбы.  
Ещё бывают нигири, маки, темаки и гункан — формы разные, но идея всё та же: рис плюс удачно подобранная добавка.  
Так что если вы избегаете сырой рыбы, суши всё равно могут вам понравиться — просто выбирайте запечённые, овощные или варианты с готовыми морепродуктами.",
4bf5f78881b9205b,"У Луны нет стороны, на которую никогда не попадает солнечный свет. Выражение «тёмная сторона Луны» звучит красиво, но в астрономическом смысле оно сбивает с толку. Мы видим одну и ту же лунную «половину» потому, что Луна оборачивается вокруг своей оси за то же время, за какое обходит Землю. Но Солнце освещает разные участки Луны по мере её движения, поэтому день и ночь там сменяют друг друга почти как у нас, только гораздо медленнее. Та сторона, которую мы с Земли не видим, правильнее называется обратной, а не тёмной. Так что «тёмная сторона» — это скорее поэтичный образ и след популярной культуры, чем реальное место вечной темноты.","У Луны нет стороны, на которую никогда не попадает солнечный свет. Выражение «тёмная сторона Луны» звучит красиво, но в астрономическом смысле оно сбивает с толку. Луна всегда повернута к Земле одной и той же стороной, потому что её вращение синхронизировано с движением вокруг нашей планеты. При этом, пока Луна движется по орбите, солнечный свет по очереди попадает на разные её участки, и там тоже бывают день и ночь — просто длятся они намного дольше. Та сторона, которую мы с Земли не видим, правильнее называется обратной, а не тёмной. Так что «тёмная сторона» — это скорее поэтичный образ и след популярной культуры, чем реальное место вечной темноты.",
7430e6e2c4eb1c1f,"Многие с детства слышали: не хрусти пальцами, а то заработаешь артрит. На самом деле убедительных доказательств, что привычка хрустеть пальцами приводит к артриту, нет. Этот звук возникает не потому, что суставы «стираются»: чаще его связывают с пузырьками газа в суставной жидкости. Исследования не нашли заметной связи между хрустом пальцев и разрушением суставов, хотя у некоторых людей может быть временный дискомфорт или раздражение тканей. Если хруст без боли, отёка и ограничения движения, обычно повода для паники нет. А вот если сустав болит, краснеет, опухает или стал хуже сгибаться, лучше не списывать это на привычку и обратиться к врачу. Так что сам по себе хруст пальцами, похоже, больше раздражает окружающих, чем вредит суставам.","Многие с детства слышали: не хрусти пальцами, а то заработаешь артрит. На самом деле убедительных доказательств, что привычка хрустеть пальцами приводит к артриту, нет. Звук появляется не из-за «стирания» суставов, а чаще всего из-за пузырьков газа в суставной жидкости. В работах на эту тему заметной связи между хрустом пальцев и разрушением суставов не увидели, но у кого-то после этого может ненадолго появляться дискомфорт или раздражение тканей. Если хруст без боли, отёка и ограничения движения, обычно повода для паники нет. А вот если сустав болит, краснеет, опухает или стал хуже сгибаться, лучше не списывать это на привычку и обратиться к врачу. Так что сам по себе хруст пальцами, похоже, больше раздражает окружающих, чем вредит суставам.",
22803e2a882163a0,"It must have been incredibly surreal to look up at the stars and realize for the very first time that humans had actually managed to put something into space. That’s exactly what happened on October 4, 1957, when the Soviet Union launched Sputnik 1, a beach-ball-sized satellite that just emitted a simple radio beep. Even though it was basically just a metal sphere with antennas, it completely shocked the United States and instantly kicked off the Space Race. Suddenly, the Cold War wasn't just about land and nuclear weapons anymore—it was a frantic competition to see who could conquer the stars. The fear of falling behind sparked a massive boom in science funding, led to the creation of NASA, and paved the way for the moon landings. It’s pretty crazy to think that our modern world of GPS, smartphones, and constant connectivity all traces back to that one tiny, beeping ball in orbit!","Imagine looking up at the night sky and realizing for the very first time that humanity had actually put something up there. That’s exactly what happened on October 4, 1957, when the Soviet Union launched Sputnik 1, a beach-ball-sized satellite that just emitted a simple radio beep. Even though it was basically just a metal sphere with antennas, it completely shocked the United States and instantly kicked off the Space Race. Overnight, the Cold War wasn't just about land and nukes anymore—it had turned into a mad dash to see who could dominate space. The fear of falling behind sparked a massive boom in science funding, led to the creation of NASA, and paved the way for the moon landings. It’s pretty crazy to think that our modern world of GPS, smartphones, and constant connectivity all traces back to that one tiny, beeping ball in orbit!",
40f2013f86a19a40,"Did you know that today marks the anniversary of one of the wildest leaps in human history? Back on April 12, 1961, 27-year-old cosmonaut Yuri Gagarin squeezed into a cramped little capsule and became the first human to ever go to space. It wasn't just a massive technological win for the Soviet Union, though that was obviously a huge deal at the time. Gagarin's 108-minute flight completely shifted the dynamic of the Cold War and kicked the Space Race into high gear. Suddenly, the United States realized it had to catch up, which is what eventually pushed humanity all the way to the moon. Beyond all the intense global politics, his trip proved to everyone back on Earth that the absolute impossible was actually within our reach. Next time you look up at the night sky, take a second to remember the brave guy who took that first terrifying ride into the unknown!","Did you know that today marks the anniversary of one of the wildest leaps in human history? On April 12, 1961, a 27-year-old cosmonaut named Yuri Gagarin strapped into a tiny capsule and became the very first person to travel into space. It wasn't just a massive technological win for the Soviet Union, though that was obviously a huge deal at the time. Gagarin's 108-minute flight completely shifted the dynamic of the Cold War and kicked the Space Race into high gear. Suddenly, the United States realized it had to catch up, which is what eventually pushed humanity all the way to the moon. But putting all the political drama aside, his flight really just showed everyone that leaving Earth wasn't just a crazy sci-fi dream anymore. Next time you look up at the night sky, take a second to remember the brave guy who took that first terrifying ride into the unknown!",
ac7c1691c0d7775e,"A friend just asked me why November 9, 1989, is marked on my history calendar, and honestly, it's one of the most incredible days of the 20th century. That was the day the Berlin Wall finally fell after dividing Germany for nearly thirty years. For decades, families had been completely cut off from each other by a concrete barrier, and people risked their lives just trying to get across it. Then, mostly because of a bungled government press conference, the borders were suddenly opened and thousands of people rushed the checkpoints. Watching the old news footage of people cheering, crying, and hacking away at the concrete with sledgehammers still gives me goosebumps. That night was about way more than just tearing down a literal wall—it pretty much kicked off the end of the whole Cold War. It's crazy to think about how fast the world can completely change overnight!","A friend just asked me why November 9, 1989, is marked on my history calendar, and honestly, it's one of the most incredible days of the 20th century. That was the day the Berlin Wall finally came down after keeping Germany split in two for almost thirty years. For decades, families had been completely cut off from each other by a concrete barrier, and people risked their lives just trying to get across it. Then, mostly because of a bungled government press conference, the borders were suddenly opened and thousands of people rushed the checkpoints. Watching the old news footage of people cheering, crying, and hacking away at the concrete with sledgehammers still gives me goosebumps. It wasn't just the destruction of a physical wall, but the beginning of the end for the entire Cold War. It's crazy to think about how fast the world can completely change overnight!",
97d708161200969d,"It’s wild to think about what the world was feeling on this exact day back in 1918. After four brutal years of unimaginable destruction, the guns of World War I finally fell silent on the 11th hour of the 11th day of the 11th month. Suddenly, millions of exhausted soldiers could actually hope to go home, and families didn't have to dread the arrival of a tragic telegram anymore. That's exactly why so many countries still pause today to mark Remembrance Day, Armistice Day, or Veterans Day. Those red poppies people wear in the UK and Canada, along with the hometown parades we have here in the States, all go right back to that single quiet morning over a hundred years ago. Let's make sure we take a minute today to remember the incredible sacrifices made by that generation and all the veterans who have stepped up to serve since.","It’s wild to think about what the world was feeling on this exact day back in 1918. After four long, devastating years of World War I, the guns finally stopped firing at the 11th hour of the 11th day of the 11th month. Suddenly, millions of exhausted soldiers could actually hope to go home, and families didn't have to dread the arrival of a tragic telegram anymore. That's exactly why so many countries still pause today to mark Remembrance Day, Armistice Day, or Veterans Day. Whether you're wearing a red poppy in the UK and Canada or attending a local parade here in the States, the tradition all traces back to that one quiet morning over a century ago. Let's make sure we take a minute today to remember the incredible sacrifices made by that generation and all the veterans who have stepped up to serve since.",
9d567079d4ae10dd,"Have you ever sat on a metal park bench on a chilly day and instantly regretted it? It always feels freezing compared to a wooden bench, even though they’ve both been sitting outside in the exact same weather. It all comes down to metal being a really good heat conductor, while wood acts more like an insulator. When you sit down, the metal rapidly steals the body heat right out of your skin, making you feel instantly cold. Wood absorbs your heat super slowly, so it doesn't give you that same icy shock. So the metal bench isn't actually colder than the wooden one—it's just way better at draining your warmth!","Have you ever sat on a metal park bench on a chilly day and instantly regretted it? It always feels freezing compared to a wooden bench, even though they’ve both been sitting outside in the exact same weather. The trick is that metal is a fantastic conductor of heat, while wood is basically an insulator. When you sit down, the metal rapidly steals the body heat right out of your skin, making you feel instantly cold. Wood absorbs your heat super slowly, so it doesn't give you that same icy shock. Basically, the metal bench isn't actually colder than the wooden one—it just pulls the heat away from you a lot faster.",
45e490392c0b1f55,"Ever wonder why you always see the lightning flash before you hear the thunder roll in? It all comes down to the ultimate speed limit: the speed of light. Light travels so incredibly fast that the flash reaches your eyes almost instantly, no matter where the storm is. Sound is a lot slower, though, taking about five seconds to travel a single mile. Because of this delay, you can actually figure out how far away the storm is just by counting the seconds between the flash and the boom! Just divide that number by five, and you've got the distance in miles—pretty cool trick for your next rainy day, right?","Ever wonder why you always see the lightning flash before you hear the thunder roll in? It's all because light is just way faster than sound. Light travels so incredibly fast that the flash reaches your eyes almost instantly, no matter where the storm is. Sound, on the other hand, is basically a slowpoke and takes about five seconds to travel just one mile. Because of this delay, you can actually figure out how far away the storm is just by counting the seconds between the flash and the boom! Just divide that number by five, and you've got the distance in miles—pretty cool trick for your next rainy day, right?",
7105a487b7fde40a,"Ever wonder why the ice cubes in your summer drink always bob at the top instead of sinking to the bottom? It all comes down to a really weird quirk of water molecules. Unlike almost every other substance in the universe, water actually expands and becomes less dense when it freezes into a solid. Because the ice is lighter than the liquid water around it, it just floats right up to the surface. It might just seem like a convenient perk for your iced coffee, but this weird little quirk is honestly the reason life exists on Earth. If ice sank, our oceans and lakes would freeze from the bottom up, killing off all marine life and eventually turning our planet into a frozen wasteland. So next time you pour yourself a cold drink, take a second to appreciate those floating little lifesavers!","Ever wonder why the ice cubes in your summer drink always bob at the top instead of sinking to the bottom? It all comes down to a really weird quirk of water molecules. Unlike almost every other substance in the universe, water actually expands and becomes less dense when it freezes into a solid. Because the ice is lighter than the liquid water around it, it just floats right up to the surface. This might seem like a minor detail for your iced coffee, but it's actually the reason life on Earth exists! If ice sank, our oceans and lakes would freeze from the bottom up, killing off all marine life and eventually turning our planet into a frozen wasteland. It definitely makes you appreciate those floating cubes a whole lot more the next time you pour yourself a cold drink.",
b775c1be8d4bfe40,"I was watching the sunset tonight and realized I didn't actually know why the sky shifts from bright daytime blue to deep red and orange. It actually all comes down to a single trick of physics played by our atmosphere. During the day, gas molecules in the air scatter the shorter, blue light waves from the sun in every direction, giving us that bright blue sky. But when the sun dips low on the horizon, its light has to travel through a much thicker slice of the atmosphere to reach your eyes. Because the light is traveling so much further, almost all of that blue light gets scattered away before it even gets to you. That leaves only the longer, warmer light waves—like reds, oranges, and yellows—to punch through and paint the evening sky. I just think it's so cool that the exact same scattering process creates both views!","Ever wonder why the sky is blue during the day but turns those crazy shades of red and orange at sunset? It actually all comes down to a single trick of physics played by our atmosphere. During the day, gas molecules in the air scatter the shorter, blue light waves from the sun in every direction, giving us that bright blue sky. But when the sun dips low on the horizon, its light has to travel through a much thicker slice of the atmosphere to reach your eyes. Because the light is traveling so much further, almost all of that blue light gets scattered away before it even gets to you. That just leaves the longer light waves to make it through, giving us those warm reds, oranges, and yellows. I just think it's so cool that the exact same scattering process creates both views!",
ae68ecdab9ead4d4,"Have you ever wondered why you shiver and feel freezing cold when you have a high fever? It feels totally backwards, but it actually makes perfect sense when you look at how our brains work. When you get sick, your brain's internal thermostat gets cranked up to fight off the infection. That means even if you're already burning up at 100 degrees, your brain might decide the new target is 102. Because you aren't at that new higher temperature yet, your body gets tricked into thinking you're actually cold! That's exactly why you start shivering and reaching for all the heavy blankets. Your muscles are just vibrating to generate extra heat so your body can reach that new fever target.","Have you ever wondered why you shiver and feel freezing cold when you have a high fever? It feels totally backwards, but it all comes down to a weird quirk in how our brains are wired. When you get sick, your brain's internal thermostat gets cranked up to fight off the infection. So, even if your body is already running hot at 100 degrees, your brain might have set the new goal to 102. Because you aren't at that new higher temperature yet, your body gets tricked into thinking you're actually cold! That's exactly why you start shivering and reaching for all the heavy blankets. Your muscles are just vibrating to generate extra heat so your body can reach that new fever target.",
482c4ae63b7feefa,"Did you know that when your fingers get all pruney in the bath, it’s not just your skin soaking up water like a sponge? Scientists used to think it was just simple osmosis, but it turns out it's actually a deliberate response from your nervous system. When your hands are submerged for a while, your brain sends a specific signal that shrinks the blood vessels under your skin. That tightening pulls the top layers of your skin inward, which is what actually creates the wrinkles. Why does our body even bother doing this? Researchers believe it acts like rain treads on a car tire, giving us a much better grip on wet or submerged objects. So next time you're doing the dishes and get prune hands, just remember it's actually a pretty cool evolutionary superpower in action!","Did you know that when your fingers get all pruney in the bath, it’s not just your skin soaking up water like a sponge? Scientists used to think it was just simple osmosis, but it turns out it's actually a deliberate response from your nervous system. After your hands have been soaking for a bit, your brain sends a signal that makes the blood vessels under your skin shrink. This shrinking causes the upper layers of skin to pull inward and pucker, creating those familiar wrinkles. Why does our body even bother doing this? Researchers believe it acts like rain treads on a car tire, giving us a much better grip on wet or submerged objects. So next time you're doing the dishes and get prune hands, just remember it's actually a pretty cool evolutionary superpower in action!",
c0b8d15fca115d77,"I feel like everyone around me is catching this nasty cold going around right now! A lot of people are rushing to the doctor hoping for a Z-Pak or some other antibiotic to knock it out. But the annoying part is that antibiotics only kill bacteria, not viruses. Since the common cold is caused by a virus, taking an antibiotic is basically like trying to unlock a door with the wrong key. Viruses actually hijack our own cells to multiply, so bacterial meds completely miss the target. Save yourself the copay and stick to rest, fluids, and chicken soup until your immune system does its thing!","I feel like everyone around me is catching this nasty cold going around right now! A lot of people are rushing to the doctor hoping for a Z-Pak or some other antibiotic to knock it out. But here's the frustrating truth: antibiotics only kill bacteria, not viruses. Since colds are viral, taking an antibiotic for one won't actually do you any good. Viruses actually hijack our own cells to multiply, so bacterial meds completely miss the target. Save yourself the copay and stick to rest, fluids, and chicken soup until your immune system does its thing!",
2fad5323962053fe,"Has anyone else ever flown across the world and felt like an absolute zombie for days? I always figured jet lag was just a fancy way of saying you're tired from traveling, but there's actually a lot more to it. Basically, our bodies have a built-in 24-hour clock called a circadian rhythm that tells us exactly when to sleep, eat, and wake up. When you fly across several time zones in just a few hours, your internal clock stays synced to your home time while the sun outside is on a totally different schedule. So even if it's midnight at your destination, your brain might be screaming that it's mid-afternoon and time for a coffee. It literally takes your biology a few days to catch up with your geography! Drop your best jet lag cures in the comments, because I need them ASAP.","Has anyone else ever flown across the world and felt like an absolute zombie for days? I always thought jet lag was just regular exhaustion from traveling, but it's actually way weirder than that. It turns out our bodies run on an internal 24-hour clock—our circadian rhythm—that controls exactly when we feel like sleeping, eating, and waking up. When you fly across several time zones in just a few hours, your internal clock stays synced to your home time while the sun outside is on a totally different schedule. So even if it's midnight at your destination, your brain might be screaming that it's mid-afternoon and time for a coffee. It literally takes your biology a few days to catch up with your geography! Drop your best jet lag cures in the comments, because I need them ASAP.",
72b61eb69f7ee7be,"Have you ever noticed that a QR code still works even if it's scratched or partly covered up? I always assumed they had to be perfect to scan, but it turns out they have a built-in backup system. When a QR code is generated, it actually repeats the same information multiple times in different parts of the little black-and-white square. That way, if a corner gets ripped off or a sticker covers the middle, your phone's camera can just read the missing data from another section. It's kind of like a puzzle that comes with extra pieces just in case you lose some. Next time you scan a beat-up menu at a restaurant, you'll know exactly why it still loads!","Have you ever noticed that a QR code still works even if it's scratched or partly covered up? I always figured they had to be completely flawless to scan, but they actually have a clever backup plan built right in. When a QR code is generated, it actually repeats the same information multiple times in different parts of the little black-and-white square. That way, if a corner gets ripped off or a sticker covers the middle, your phone's camera can just read the missing data from another section. It’s basically a super-smart puzzle that already knows the missing pieces. Next time you scan a beat-up menu at a restaurant, you'll know exactly why it still loads!",
4b6f5b9d99f8bb2e,"Ever wonder why zipping up a huge Word doc shrinks it down to almost nothing, but zipping a folder of vacation photos barely saves any space? ZIP files work by finding repeating patterns in your data and replacing them with much shorter codes. Text documents and spreadsheets are full of these repeating words and empty spaces, so they compress beautifully. But formats like JPEG for photos and MP4 for videos are actually already compressed right out of the gate. Your phone automatically throws out any unnecessary data the moment you snap a picture. So when you try to ZIP those media files, there are simply no more hidden patterns left to shrink!","Ever wonder why zipping up a huge Word doc shrinks it down to almost nothing, but zipping a folder of vacation photos barely saves any space? Basically, ZIP files just hunt through your data for repeating patterns and swap them out for tiny shortcuts. Text documents and spreadsheets are full of these repeating words and empty spaces, so they compress beautifully. But formats like JPEG for photos and MP4 for videos are actually already compressed right out of the gate. Your phone's camera already did the hard work of squeezing out the unnecessary data the second you took the picture. So when you try to ZIP those media files, there are simply no more hidden patterns left to shrink!",
07c437db4b3def54,"It always cracks me up when people talk about saving stuff to ""the cloud"" as if their photos are literally floating around in the sky somewhere. The truth is actually a lot less magical, but still pretty cool! When you upload a file to the cloud, you're really just saving it onto a massive, highly secure computer sitting in a giant warehouse owned by a company like Google or Amazon. These warehouses are called data centers, and they are absolutely packed from floor to ceiling with blinking hard drives. So your data definitely still exists on a physical machine, it's just on someone else's machine instead of taking up space on your phone. It's an awesome system because if you accidentally drop your phone in the toilet, your pictures are safely backed up on those remote servers. Just remember that ""the cloud"" is really just a fancy marketing term for renting out a tiny sliver of a tech giant's hard drive!","I always have to laugh a little when people talk about saving things ""to the cloud"" like their photos are just floating around in the sky somewhere. The truth is actually a lot less magical, but still pretty cool! When you upload a file to the cloud, you're basically just saving it to a giant, super-secure computer sitting in some massive warehouse owned by a company like Google or Amazon. These warehouses are called data centers, and they are absolutely packed from floor to ceiling with blinking hard drives. So your data definitely still exists on a physical machine, it's just on someone else's machine instead of taking up space on your phone. It's an awesome system because if you accidentally drop your phone in the toilet, your pictures are safely backed up on those remote servers. Just remember that ""the cloud"" is really just a fancy marketing term for renting out a tiny sliver of a tech giant's hard drive!",
f07f5761e8194e37,"Ever wonder why financial gurus are always obsessing over starting to save early? It all comes down to the magic of compound interest, which basically just means earning interest on your interest. In the first few years, your money grows pretty slowly because that extra interest is just a tiny drop in the bucket. But if you leave it alone for a decade or two, those drops start filling up the bucket and multiplying. Suddenly, not only is your original deposit earning interest, but all the extra cash it generated over the years is out there doing the exact same thing. That massive snowball effect is exactly why a retirement account suddenly seems to explode in value during those later years, making patience your absolute best financial friend!","Ever wonder why financial gurus are always obsessing over starting to save early? It all comes down to the magic of compound interest, which basically just means earning interest on your interest. In the first few years, your money grows pretty slowly because that extra interest is just a tiny drop in the bucket. But if you leave it alone for a decade or two, those drops start filling up the bucket and multiplying. Your initial cash is now making money, and all the money that money made is also making money. This snowball effect is why retirement accounts seem to suddenly take off in those later years, so patience really does pay off.",
0ed5343610964bdd,"I’ve been seeing a lot of headlines about the central bank raising interest rates again, and it finally clicked for me why they do it. Basically, when prices for everyday things like groceries are skyrocketing, the government bumps up rates to try and cool off inflation. The idea is to slow down overall spending, which eventually helps bring prices back down to earth. But here’s the frustrating catch: this exact same move makes borrowing money way more expensive for the rest of us. If you're trying to buy a house or take out a loan for a small business right now, those higher rates really sting. It’s a massive balancing act between keeping our grocery bills under control and not making it impossible to finance big life goals. Is anyone else putting off buying a house or a car right now because the rates are just too brutal?","I’ve been seeing a lot of headlines about the central bank raising interest rates again, and it finally clicked for me why they do it. Basically, when prices for everyday things like groceries are skyrocketing, the government bumps up rates to try and cool off inflation. The whole point is to get people to spend less money so prices actually stop going up. But here’s the frustrating catch: this exact same move makes borrowing money way more expensive for the rest of us. If you're trying to buy a house or take out a loan for a small business right now, those higher rates really sting. It’s a massive balancing act between keeping our grocery bills under control and not making it impossible to finance big life goals. Has anyone else had to put off buying a home or a car recently because of the crazy rates?",
9e2a77f7e493c526,"Ever wonder why choosing to sleep in on a Saturday feels so good but also slightly guilty? I realized today that this is exactly how opportunity cost works in the real world. It’s not just a fancy economics term; it basically means that whenever you choose to do one thing, you're automatically giving up the chance to do something else. If I spend three hours binge-watching a show on the couch, the cost isn't just my monthly streaming subscription. The real cost is the hike I didn't go on, the closet I didn't clean, or the brunch with friends I skipped. Thinking about my decisions this way actually makes me want to be a lot more intentional with my free time. What’s the opportunity cost of your plans this weekend?","Ever wonder why choosing to sleep in on a Saturday feels so good but also slightly guilty? I was thinking about this today and realized it's the perfect everyday example of ""opportunity cost."" It’s not just a fancy economics term; it basically means that whenever you choose to do one thing, you're automatically giving up the chance to do something else. If I spend three hours binge-watching a show on the couch, the cost isn't just my monthly streaming subscription. The real cost is the hike I didn't go on, the closet I didn't clean, or the brunch with friends I skipped. Thinking about my decisions this way actually makes me want to be a lot more intentional with my free time. So, what are you guys giving up for whatever you've got planned this weekend?",
b69beb2ff540acb7,"I was today years old when I finally got the difference between England, Great Britain, and the UK straight in my head! Basically, England is just one individual country, just like Scotland or Wales. Great Britain is actually just the geographical name of the big island that holds all three of those countries together. The United Kingdom is the official political country, and it includes all of Great Britain plus Northern Ireland. So if you're ever in London, you're actually standing in England, Great Britain, and the UK all at the same time. Am I the only one who spent my whole life thinking these were just three different words for the exact same place?","I was today years old when I finally got the difference between England, Great Britain, and the UK straight in my head! Basically, England is just one individual country, just like Scotland or Wales. Great Britain is actually just the geographical name of the big island that holds all three of those countries together. Then you have the United Kingdom, which is the actual political nation made up of Great Britain and Northern Ireland. This means if you're hanging out in London, you are technically in England, Great Britain, and the UK all at once. Am I the only one who spent my whole life thinking these were just three different words for the exact same place?",
db6a61fc334fde22,"I always used to think a monsoon was just a massive, never-ending rainstorm. It turns out that the word actually refers to a seasonal shift in wind direction, not just the rain itself! In the summer, the land heats up way faster than the ocean, pulling in a ton of moist sea air and causing those massive downpours. But in the winter, the winds completely reverse direction and blow dry air from the land back out over the water. My mind is honestly blown that there is actually a ""dry"" monsoon season too! Did anyone else know this, or was I the only one who just thought it meant heavy rain?","I always used to think a monsoon was just a massive, never-ending rainstorm. It turns out that the word actually refers to a seasonal shift in wind direction, not just the rain itself! During the summer, the land heats up faster than the ocean, which pulls moist air in from the sea and creates those famous torrential downpours. But in the winter, the winds completely reverse direction and blow dry air from the land back out over the water. I had no idea there was such a thing as a ""dry"" monsoon season! Did anyone else know this, or was I the only one who just thought it meant heavy rain?",
b16867c7f3d7f415,"Ever wonder why a trip to Greece or Italy usually guarantees endless sunshine in the summer but you might need an umbrella in December? It all comes down to a massive atmospheric shift that happens every year. In the summer, huge high-pressure systems basically park themselves over the Mediterranean, blocking out storms and keeping everything hot and dry. But when winter rolls around, those high-pressure zones finally drift south. That opens the door for cooler, moisture-packed weather fronts from the Atlantic to sweep in and bring all that much-needed rain. It’s actually the exact same reason parts of California have such similar weather! Honestly, just writing this makes me want to book a flight to Sicily right now.","Ever wonder why a trip to Greece or Italy usually guarantees endless sunshine in the summer but you might need an umbrella in December? It all comes down to a massive atmospheric shift that happens every year. During the summer, giant high-pressure systems settle over the region, acting like an invisible shield that blocks storms and keeps things hot and dry. But when winter rolls around, those high-pressure zones finally drift south. That leaves the region wide open for cooler, wet storms from the Atlantic to finally push through. It’s actually the exact same reason parts of California have such similar weather! Honestly, just writing this makes me want to book a flight to Sicily right now.",
ed750dc5f60ffeeb,"We’ve all heard the old joke that Iceland is green and Greenland is covered in ice, but the real story behind their names is actually pretty wild. Iceland actually got its chilly name from a miserable Viking named Hrafna-Flóki, who decided to name the island after a brutal winter wiped out all his livestock and he looked out at a fjord packed with drift ice. Greenland, on the other hand, was basically a 10th-century marketing scam by Erik the Red. After getting exiled for murder, he wanted to convince other settlers to join him on this frozen new island, so he gave it an appealing name to trick them into coming along. To be fair to Erik, the climate was a bit warmer back then, so the southern coast actually did have some green patches during the summer. So instead of a simple geographic mix-up, one name came from a grumpy guy having the worst winter ever, and the other was just early medieval clickbait!","We’ve all heard the old joke that Iceland is green and Greenland is covered in ice, but the real story behind their names is actually pretty wild. A depressed Viking named Hrafna-Flóki gave Iceland its chilly name after a brutal winter killed all his livestock and he spotted a fjord full of drift ice. Greenland, on the other hand, was basically a 10th-century marketing scam by Erik the Red. After getting exiled for murder, he wanted to convince other settlers to join him on this frozen new island, so he gave it an appealing name to trick them into coming along. In Erik's defense, the climate was a bit milder back then, so the southern coast really did green up during the summer. So instead of a simple geographic mix-up, one name came from a grumpy guy having the worst winter ever, and the other was just early medieval clickbait!",
2c7a3cd309a00e88,"I’ve noticed lately that a lot of people seem to think ""kosher"" and ""halal"" mean the exact same thing, probably because you often see them grouped together in the grocery store! It’s true that they share some big similarities, like strict rules about how animals are prepared and a shared ban on eating pork. But there are actually some major differences if you look a little closer. Take alcohol, for instance—it's completely off-limits under halal rules, but kosher guidelines actually allow wine and other drinks as long as they're prepared a certain way. On the flip side, keeping kosher means you can never mix meat and dairy in the same meal—so no cheeseburgers!—but halal guidelines don't have any restrictions on mixing those ingredients. Both traditions are deeply meaningful to the people who practice them, but they definitely aren't just interchangeable labels.","I’ve noticed lately that a lot of people seem to think ""kosher"" and ""halal"" mean the exact same thing, probably because you often see them grouped together in the grocery store! It’s true that they share some big similarities, like strict rules about how animals are prepared and a shared ban on eating pork. But there are actually some major differences if you look a little closer. For example, halal rules completely forbid alcohol in any form, whereas kosher rules allow wine and other alcohol as long as it's prepared in a specific way. On the flip side, keeping kosher means you can never mix meat and dairy in the same meal—so no cheeseburgers!—but halal guidelines don't have any restrictions on mixing those ingredients. Both of these traditions mean a lot to the people who follow them, but you definitely can't just swap one out for the other.",
191c53b8ec977a11,"Okay, so I always thought 'sushi' literally translated to raw fish, but my mind was just blown today. It turns out the word actually refers to the specially seasoned, vinegared rice, not the toppings! The raw fish everyone pictures is really just one of many options, and if you order it completely on its own, it's actually called sashimi. That’s exactly why you can order things like a sweet egg tamago roll, a cucumber maki, or even cooked eel, and it’s all still considered authentic sushi. So if you’re someone who usually avoids raw seafood, don't let the menu scare you away from trying some amazing dishes! What’s your go-to sushi order?","Okay, so I always thought 'sushi' literally translated to raw fish, but my mind was just blown today. It turns out the word actually refers to the specially seasoned, vinegared rice, not the toppings! The raw fish we usually associate with it is just one of many possible ingredients, which is actually called sashimi when served completely by itself. That’s exactly why you can order things like a sweet egg tamago roll, a cucumber maki, or even cooked eel, and it’s all still considered authentic sushi. So if you normally steer clear of raw seafood, you can definitely still find plenty of delicious stuff on a sushi menu! What’s your go-to sushi order?",
35c23a127476d053,"I was just thinking about how both the UK and Japan are totally obsessed with tea, but their traditions couldn't be more different! In Britain, it’s all about cozy, everyday comfort—throwing a kettle on, splashing some milk in a mug, and catching up with friends in the kitchen. Meanwhile, the traditional Japanese tea ceremony is incredibly mindful and precise, usually taking place in a quiet, specially designed tatami room. The host uses powdered matcha and prepares it with graceful, choreographed movements that feel almost like a meditation. For Brits, a quick ""cuppa"" is the ultimate informal cure-all for a bad day or just a casual way to break the ice. In Japan, the ceremony is deeply rooted in Zen philosophy, focusing on harmony, respect, and connecting completely with your guests in the present moment. It blows my mind that the exact same hot drink can be a quick, casual comfort in one place and an entire spiritual experience in another!","I was just thinking about how both the UK and Japan are totally obsessed with tea, but their traditions couldn't be more different! In Britain, it’s all about cozy, everyday comfort—throwing a kettle on, splashing some milk in a mug, and catching up with friends in the kitchen. Meanwhile, the traditional Japanese tea ceremony is incredibly mindful and precise, usually taking place in a quiet, specially designed tatami room. The host uses powdered matcha and prepares it with graceful, choreographed movements that feel almost like a meditation. For Brits, a quick ""cuppa"" is the ultimate informal cure-all for a bad day or just a casual way to break the ice. In Japan, though, the ceremony ties back to Zen philosophy, so it's really about harmony, respect, and just being totally present with your guests. It's honestly so fascinating how a simple hot drink can be either a casual daily comfort or a profound spiritual art form depending on where you are in the world!",
350ee52ef708af90,"I always hear people say burritos are just giant tacos, but that couldn’t be further from the truth! A traditional Mexican taco is usually a quick, open-faced snack built on a small, soft corn tortilla and topped simply with meat, onions, and cilantro. Burritos, on the other hand, use massive flour tortillas wrapped completely shut to hold a heavy, filling mix of rice, beans, meat, and cheese. Culturally, tacos are deeply rooted all over Mexico as the ultimate everyday street food. Meanwhile, the giant, fully loaded burrito as we know it is mostly a Northern Mexican and Mexican-American invention, made famous by places like San Francisco's Mission District. So when you're staring at the menu at your favorite taqueria, you're actually picking between two completely different food traditions. Which one is your absolute go-to order?","I always hear people say burritos are just giant tacos, but that couldn’t be further from the truth! A traditional Mexican taco is usually a quick, open-faced snack built on a small, soft corn tortilla and topped simply with meat, onions, and cilantro. Burritos, though, are made with huge flour tortillas wrapped up tight around a super filling combo of rice, beans, meat, and cheese. Culturally, tacos are deeply rooted all over Mexico as the ultimate everyday street food. Meanwhile, the giant, fully loaded burrito as we know it is mostly a Northern Mexican and Mexican-American invention, made famous by places like San Francisco's Mission District. So next time you hit up your favorite taqueria, remember you're actually choosing between two totally distinct culinary histories! Which one is your absolute go-to order?",
2ed8852044b14d10,"Have you ever wondered why Japanese writing looks so complicated with three different scripts mixed together? For starters, they use ""kanji""—those complex Chinese characters—to carry the core meaning of a word, like nouns and verb roots. Then there's ""hiragana,"" which are the simpler, curvier letters used for grammar parts, like verb endings and particles that tie the sentence together. The third one is ""katakana,"" made of sharper, blocky lines, and it's almost exclusively used for foreign loan words like ""computer"" or ""hamburger."" You might be thinking they should just pick one script to make life easier, but since Japanese doesn't use spaces between words, mixing these three actually makes sentences way easier to parse! The complex kanji act like visual anchors so your brain knows exactly where a new word starts, which is honestly pretty genius once you get the hang of it.","Have you ever wondered why Japanese writing looks so complicated with three different scripts mixed together? Basically, they use ""kanji"" (the complex Chinese characters) for the main meaning or root of a word, like nouns and the base of verbs. Then you have ""hiragana,"" those simpler, curvier characters that handle all the grammatical stuff like verb endings and the little particles holding the sentence together. The third one is ""katakana,"" made of sharper, blocky lines, and it's almost exclusively used for foreign loan words like ""computer"" or ""hamburger."" You might be thinking they should just pick one script to make life easier, but since Japanese doesn't use spaces between words, mixing these three actually makes sentences way easier to parse! The complex kanji act like visual anchors so your brain knows exactly where a new word starts, which is honestly pretty genius once you get the hang of it.",
3621b8a079d9fcef,"Have you ever wondered why English spelling is such a complete nightmare? It turns out that a lot of our weirdest words are basically linguistic ghosts! Hundreds of years ago, people actually pronounced all those silent letters we struggle with today. Think about a word like ""knight"". Back in the Middle Ages, they literally pronounced the 'k' and gave the 'gh' a heavy throat-clearing sound, so it sounded a bit like ""k-neecht."" Over time, everyday speech naturally softened and those harsh sounds were dropped, but the folks printing books kept the old spelling exactly the same. So the next time you get frustrated typing a word with a bunch of useless letters, just blame our ancestors for refusing to update the dictionary!","Have you ever wondered why English spelling is such a complete nightmare? It turns out that a lot of our weirdest words are basically linguistic ghosts! Hundreds of years ago, people actually pronounced all those silent letters we struggle with today. Take the word ""knight,"" for example. Back in the Middle Ages, they literally pronounced the 'k' and gave the 'gh' a heavy throat-clearing sound, so it sounded a bit like ""k-neecht."" Over time, everyday speech naturally softened and those harsh sounds were dropped, but the folks printing books kept the old spelling exactly the same. Typing out all those useless letters today can be super frustrating, but I guess we just have our ancestors to blame for never updating the dictionary.",
65becc2a2ea49d25,"If you've ever tried learning Spanish or French, you probably know that you have to memorize whether everyday things like tables and chairs are masculine or feminine. This is called grammatical gender, and it's basically just a way of sorting words into different categories. A lot of English speakers get totally tripped up by this and think it means people actually believe a fork is biologically female or a shoe is male. I promise you, nobody actually thinks their furniture has a biological sex! It's really just a quirky set of grammar rules that dictates how words match up with each other in a sentence. Have you ever struggled with memorizing word genders while trying to pick up a new language?","Did you know that if you try learning Spanish or French, you have to memorize whether everyday things like tables and chairs are masculine or feminine? This is called grammatical gender, and it's basically just a way of sorting words into different categories. A lot of English speakers get totally tripped up by this and think it means people actually believe a fork is biologically female or a shoe is male. I promise you, nobody actually thinks their furniture has a biological sex! Did you know that if you try learning Spanish or French, you have to memorize whether everyday things like tables and chairs are masculine or feminine? This is called grammatical gender, and it's basically just a way of sorting words into different categories. A lot of English speakers get totally tripped Have you ever struggled with memorizing word genders while trying to pick up a new language?",
8754a8746b1ba7d6,"A lot of people think Mandarin and Cantonese are just different ""dialects"" of Chinese, assuming that means speakers can automatically understand each other. In reality, spoken out loud, they're about as different as Spanish and French! If a Mandarin speaker and a Cantonese speaker try to have a chat, they won't understand each other at all, even though they share a similar writing system. Linguists usually consider them entirely separate languages because of this lack of mutual intelligibility. So why do we still call them dialects? It mostly comes down to politics and culture, since grouping them together helps emphasize a unified national identity. It's a great reminder that the line between a language and a dialect is usually drawn by history and borders, not just grammar and vocabulary.","I always find it fascinating when people assume Mandarin and Cantonese are just different ""dialects"" of Chinese and that speakers can easily understand each other. In reality, spoken out loud, they're about as different as Spanish and French! If a Mandarin speaker and a Cantonese speaker try to have a chat, they won't understand each other at all, even though they share a similar writing system. Linguists usually consider them entirely separate languages because of this lack of mutual intelligibility. So why do we still call them dialects? It mostly comes down to politics and culture, since grouping them together helps emphasize a unified national identity. Honestly, it just goes to show that the difference between a language and a dialect usually has way more to do with history and borders than actual grammar and vocabulary.",
e923ac7ef184f638,"Just went down a rabbit hole reading about the Impressionists, and it’s wild to think their art was actually considered scandalous back in the 1870s! Instead of painting grand historical scenes with perfectly smooth, invisible brushstrokes, artists like Monet and Degas painted everyday life using quick, messy dabs of bright color. Old-school critics back then honestly thought the paintings just looked unfinished, like quick sketches instead of actual masterpieces. The official Paris Salon kept rejecting their work, so the artists eventually just said ""forget it"" and organized their own independent shows. This DIY approach to exhibiting was a massive middle finger to the art establishment and totally changed how art was shared with the public forever. Next time you see a pretty water lily painting, remember you're actually looking at a piece of 19th-century punk rock!","Just went down a rabbit hole reading about the Impressionists, and it’s wild to think their art was actually considered scandalous back in the 1870s! Instead of painting grand historical scenes with perfectly smooth, invisible brushstrokes, artists like Monet and Degas painted everyday life using quick, messy dabs of bright color. To the traditional art critics of the time, these paintings literally looked unfinished, like quick sketches rather than ""real"" masterpieces. The official Paris Salon kept rejecting their work, so the artists eventually just said ""forget it"" and organized their own independent shows. Taking things into their own hands like that was a huge slap in the face to the art establishment, and it basically rewrote the rules for how artists could share their work with the public. Next time you see a pretty water lily painting, remember you're actually looking at a piece of 19th-century punk rock!",
43a405935c43cb5c,"I finally got to see a full-size replica of Picasso’s Guernica, and it honestly gave me chills. A lot of people know it as the ultimate anti-war symbol, but I didn't realize it was actually painted in response to a specific, real-life tragedy. In 1937, during the Spanish Civil War, Nazi and fascist Italian warplanes bombed the small Basque town of Guernica just to test their weapons on innocent civilians. Picasso was so furious about the attack that he painted this huge mural using nothing but black, white, and gray to really capture how bleak and devastating the destruction was. When you look closely, you can see screaming faces, a mother holding her lifeless child, and a panicked horse right in the center. It’s not a pretty picture, but the chaotic, fractured shapes make you feel the sheer panic and horror of war in a way that regular photos just can't.","I finally got to see a full-size replica of Picasso’s Guernica, and it honestly gave me chills. A lot of people know it as the ultimate anti-war symbol, but I didn't realize it was actually painted in response to a specific, real-life tragedy. Back in 1937 during the Spanish Civil War, Nazi and Italian fascist planes bombed the little Basque town of Guernica basically just to test out their weapons on innocent people. Picasso was so outraged that he created this massive mural entirely in black, white, and gray to capture the bleakness of the destruction. When you look closely, you can see screaming faces, a mother holding her lifeless child, and a panicked horse right in the center. It’s not a pretty picture, but the chaotic, fractured shapes make you feel the sheer panic and horror of war in a way that regular photos just can't.",
3f2acab92150e0ec,"Whenever I see modern furniture or minimalist architecture, I can't help but think about the Bauhaus movement. A lot of people just associate it with stark geometry and functional design, but it was actually so much more than a visual aesthetic. The real goal of the school was to completely erase the snobby line between fine art and everyday craft. They wanted to figure out how to mass-produce beautiful, well-designed objects so that regular people could actually afford them, not just the wealthy elite. After the school was forced to shut down in the 1930s, its teachers and students fled Germany and ended up spreading these ideas to the rest of the world. That's why you can see their influence everywhere today, from the layout of your smartphone apps to the chair you're probably sitting in right now!","Whenever I see modern furniture or minimalist architecture, I can't help but think about the Bauhaus movement. A lot of people just associate it with stark geometry and functional design, but it was actually so much more than a visual aesthetic. The whole point of the school was to get rid of that artificial divide between fine art and everyday crafts. They wanted to figure out how to mass-produce beautiful, well-designed objects so that regular people could actually afford them, not just the wealthy elite. When the school was forced to close in the 1930s, its teachers and students had to flee Germany, taking their revolutionary ideas all over the globe. That's why you can see their influence everywhere today, from the layout of your smartphone apps to the chair you're probably sitting in right now!",
0890c6dea0ab92b3,"Did you know that older movies weren't actually made to fit perfectly on our wide modern TV screens? Back in the day, directors shot films in all sorts of different ""aspect ratios,"" which is just a fancy term for the overall shape and proportions of the image. If you put on a classic movie and it fills up your whole screen without any black bars, it's probably been cropped. This means someone literally chopped off the top and bottom of the picture just to make it fit your TV! It drives film nerds crazy because you end up losing important background details and the beautiful framing the director originally intended. So next time you see those black bars on the sides of an old classic, don't try to zoom in or adjust your settings. Embrace them, because you're actually seeing the whole movie exactly the way it was meant to be seen!","Did you know that older movies weren't actually made to fit perfectly on our wide modern TV screens? Directors used to shoot in all kinds of different ""aspect ratios,"" which basically just refers to the shape and proportions of the picture. When you watch a classic movie today and it fills your entire screen without any black bars, there's a really good chance it’s been cropped. This means someone literally chopped off the top and bottom of the picture just to make it fit your TV! It drives film nerds crazy because you end up losing important background details and the beautiful framing the director originally intended. So next time you see those black bars on the sides of an old classic, don't try to zoom in or adjust your settings. Embrace them, because you're actually seeing the whole movie exactly the way it was meant to be seen!",
a7eabbe1bb0ea5eb,"I always used to believe that shaving made my hair grow back thicker and darker, but it turns out that's totally a myth! If you let a hair grow naturally, it just thins out at the end into a soft little tip. When you shave, the razor slices the hair right across its thickest part near the skin. As that blunt edge starts to grow out, it feels super stubbly and coarse compared to the natural tip. It can also look a bit darker just because you're seeing the thick cross-section of the hair directly against your skin instead of a sun-bleached, fine tip. So don't worry, your razor isn't magically changing your hair follicles or making them any bigger!","I spent years convinced that shaving made my hair grow back thicker and darker, but I recently learned that's actually not true at all. Normally, a strand of hair tapers at the end to a soft, fine point. When you shave, the razor slices the hair right across its thickest part near the skin. As that blunt edge starts to grow out, it feels super stubbly and coarse compared to the natural tip. It can also look a bit darker just because you're seeing the thick cross-section of the hair directly against your skin instead of a sun-bleached, fine tip. So don't worry, your razor isn't magically changing your hair follicles or making them any bigger!",
d2b6f66f91fd4065,"I just found out that the saying ""blind as a bat"" is actually a total lie! Bats can see perfectly fine, and some species even have much better vision than we do in the dark. They don't just rely on their eyes, though—they also use echolocation. By bouncing high-pitched sounds off their surroundings, they create a super-accurate mental map of where everything is. This built-in sonar adds an extra layer to their senses, letting them hunt tiny, fast-moving bugs in pitch blackness that regular vision could never track. So next time someone calls you blind as a bat, you should probably just take it as a compliment about your secret superpowers!","I just found out that the saying ""blind as a bat"" is actually a total lie! Bats can see perfectly fine, and some species even have much better vision than we do in the dark. They don't rely on their eyes alone, though, which is where their famous echolocation comes into play. They send out high-pitched sounds and listen to the echoes bouncing back to map out exactly where everything is. This built-in sonar adds an extra layer to their senses, letting them hunt tiny, fast-moving bugs in pitch blackness that regular vision could never track. So next time someone calls you blind as a bat, you should probably just take it as a compliment about your secret superpowers!",
31de774947cfdfd1,"I always used to think that just stepping outside without a coat in winter would automatically give me a cold. It turns out, cold weather by itself doesn't actually create a viral infection! But there is a real reason why we all seem to get sick way more often during the chilly months. When the temperature drops, we spend a lot more time indoors huddled together with the windows shut. That lack of fresh air makes it super easy for germs to jump from one person to another. On top of that, all that cold, dry air dries out our noses and makes it way harder for our bodies to fight off the germs we do end up breathing in. So bundle up to stay warm, but remember to wash your hands and maybe crack a window every now and then!","I always used to think that just stepping outside without a coat in winter would automatically give me a cold. It turns out, cold weather by itself doesn't actually create a viral infection! But there is a real reason why we all seem to get sick way more often during the chilly months. When the temperature drops, we spend a lot more time indoors huddled together with the windows shut. Without any fresh air circulating, we end up just passing the same germs back and forth. Plus, the cold, dry air can dry out our nasal passages, making it harder for our bodies to fight off any viruses we do breathe in. So bundle up to stay warm, but remember to wash your hands and maybe crack a window every now and then!",
a42078619723c48b,"Часто путаете японскую и корейскую кухню, думая, что это одно и то же? Главное отличие кроется во вкусах: японцы ценят натуральность и деликатность, а корейцы обожают яркие, острые и насыщенные специями блюда. В Японии балом правят свежая рыба, рис и соевый соус, поэтому на столе чаще всего можно встретить суши или легкий рамен. Корея же немыслима без маринованного мяса, ферментированных овощей и жгучей пасты кочуджан, из которых готовят знаменитый пулькоги или пикантную кимчи. Привычки за столом тоже отличаются: в корейских ресторанах стол обычно заставляют бесплатными тарелочками с закусками (панчханами), которые принято есть всей компанией. А вот в Японии у каждого обычно своя индивидуальная порция, и смешивать еду из разных тарелок не принято. А что вам больше по душе — утонченная Япония или огненная Корея?","Часто путаете японскую и корейскую кухню, думая, что это одно и то же? Главное отличие кроется во вкусах: японцы ценят натуральность и деликатность, а корейцы обожают яркие, острые и насыщенные специями блюда. В Японии балом правят свежая рыба, рис и соевый соус, поэтому на столе чаще всего можно встретить суши или легкий рамен. А вот в Корее делают ставку на маринованное мясо, ферментированные овощи и жгучую пасту кочуджан, поэтому там главными хитами будут сочный пулькоги и острая капуста кимчи. За столом тоже есть свои фишки: в корейских заведениях вам всегда бесплатно принесут кучу маленьких закусок (панчханов), которыми принято делиться со всеми. А вот в Японии у каждого обычно своя индивидуальная порция, и смешивать еду из разных тарелок не принято. А что вам больше по душе — утонченная Япония или огненная Корея?",
b2aa0c9c34192b21,"Замечали ли вы, что зимой металлическая скамейка в парке всегда кажется ледяной, а деревянная — вполне терпимой, хотя на улице одинаковый минус? На самом деле, температура у них абсолютно одинаковая, просто наши ощущения нас обманывают. Всё дело в обычной теплопроводности. Металл отлично проводит тепло, поэтому он мгновенно «вытягивает» его из вашего тела, когда вы на него садитесь. Дерево же, наоборот, забирает наше тепло очень медленно, выступая своеобразным барьером. Именно из-за этой быстрой потери тепла на металле наш мозг бьет тревогу, сигнализируя о жутком холоде. Так что для долгих посиделок на свежем воздухе всегда выбирайте деревянные лавочки, чтобы не замерзнуть!","Замечали ли вы, что зимой металлическая скамейка в парке всегда кажется ледяной, а деревянная — вполне терпимой, хотя на улице одинаковый минус? На самом деле, температура у них абсолютно одинаковая, просто наши ощущения нас обманывают. Весь секрет кроется в таком физическом свойстве, как теплопроводность. Металл отлично проводит тепло, поэтому он мгновенно «вытягивает» его из вашего тела, когда вы на него садитесь. Дерево же, наоборот, забирает наше тепло очень медленно, выступая своеобразным барьером. Из-за такой резкой потери тепла кожа моментально остывает, и мы чувствуем сильный холод. Так что для долгих посиделок на свежем воздухе всегда выбирайте деревянные лавочки, чтобы не замерзнуть!",
bcb5b20fc994f74a,"Ребята, давайте разберемся, почему при обычной простуде пить антибиотики — это плохая идея. Дело в том, что простуду чаще всего вызывают вирусы, а не бактерии. Они устроены совершенно по-разному: бактерия — это полноценная живая клетка, а вирус — просто мелкий паразит, который умеет размножаться только внутри чужих клеток. Антибиотики созданы специально для того, чтобы разрушать клеточные стенки бактерий или мешать им расти. Но у вирусов нет таких стенок, поэтому лекарство на них просто не действует, оно их банально ""не видит"". Более того, принимая антибиотики без нужды, вы только убиваете полезную микрофлору кишечника и тренируете вредные бактерии быть сильнее. Так что при типичном ОРВИ лучше запастись чаем с лимоном, отдыхать и дать организму самому справиться с заразой!","Ребята, давайте разберемся, почему при обычной простуде пить антибиотики — это плохая идея. Дело в том, что простуду чаще всего вызывают вирусы, а не бактерии. Вирусы и бактерии — это совершенно разные микроорганизмы: если бактерия похожа на самостоятельную живую клетку, то вирус — это просто крошечный паразит, которому для размножения нужна чужая клетка. Антибиотики созданы специально для того, чтобы разрушать клеточные стенки бактерий или мешать им расти. Но у вирусов нет таких стенок, поэтому лекарство на них просто не действует, оно их банально ""не видит"". Более того, принимая антибиотики без нужды, вы только убиваете полезную микрофлору кишечника и тренируете вредные бактерии быть сильнее. Так что если вы подхватили вирус, лучше просто отлежаться с горячим чаем и дать иммунитету самому с ним разобраться.",
0e43ea04fd71137e,"Вы когда-нибудь задумывались, куда на самом деле исчезают файлы после очистки корзины? На самом деле операционная система не стирает сами данные сразу. Она просто удаляет «указатель» на этот файл, помечая место на диске как свободное. Из-за этого ваш документ или фотография продолжает физически лежать в памяти компьютера, пока поверх них не запишут новую информацию. Именно поэтому случайно удаленные данные часто можно легко спасти с помощью специальных программ для восстановления. Так что, если соберетесь продавать или отдавать старый ноутбук, просто скинуть личные папки в корзину будет недостаточно. Лучше использовать полное форматирование диска, чтобы ваши секреты точно не достались чужим людям!","Вы когда-нибудь задумывались, куда на самом деле исчезают файлы после очистки корзины? На самом деле операционная система не стирает сами данные сразу. Она просто удаляет информацию о том, где находится этот файл, и помечает занятое им место на диске как свободное. Из-за этого ваш документ или фотография продолжает физически лежать в памяти компьютера, пока поверх них не запишут новую информацию. Именно поэтому случайно удаленные данные часто можно легко спасти с помощью специальных программ для восстановления. Так что перед продажей или передачей старого ноутбука недостаточно просто отправить личные папки в корзину. Лучше использовать полное форматирование диска, чтобы ваши секреты точно не достались чужим людям!",
51142e84af0501b7,"Часто слышу вопрос: почему в новостях говорят, что инфляция падает, а цены в супермаркетах всё равно ползут вверх? Никакого подвоха тут нет, просто мы немного путаемся в экономических терминах. Представьте, что вы едете на машине со скоростью 100 километров в час, а потом сбрасываете скорость до 60. Вы стали ехать медленнее, но всё равно продолжаете двигаться вперёд, а не едете задним ходом! Точно так же и с инфляцией: её снижение означает лишь то, что цены растут медленнее, чем раньше, но они не падают до старых значений. Чтобы ценники в магазинах начали реально уменьшаться, нужна не низкая инфляция, а дефляция — процесс, который в нашей экономике бывает крайне редко. Так что не удивляйтесь новым цифрам на чеках, ведь наша ценовая ""машина"" всё ещё продолжает движение вперёд.","Часто слышу вопрос: почему в новостях говорят, что инфляция падает, а цены в супермаркетах всё равно ползут вверх? На самом деле тут нет никакого обмана, просто экономические термины немного сбивают с толку. Представьте, что вы едете на машине со скоростью 100 километров в час, а потом сбрасываете скорость до 60. Вы стали ехать медленнее, но всё равно продолжаете двигаться вперёд, а не едете задним ходом! Точно так же и с инфляцией: её снижение означает лишь то, что цены растут медленнее, чем раньше, но они не падают до старых значений. Чтобы ценники в магазинах действительно пошли вниз, нужна не просто низкая инфляция, а дефляция, что в наших реалиях случается крайне редко. Так что не удивляйтесь новым цифрам на чеках, ведь наша ценовая ""машина"" всё ещё продолжает движение вперёд.",
93b0646e8b2fc127,"Путаете Англию, Великобританию и Соединённое Королевство? Давайте разберёмся на пальцах, чтобы больше никогда их не путать. Англия — это просто отдельная страна, наравне с Шотландией и Уэльсом. Великобритания — это географическое название большого острова, на котором все эти три страны расположены. А вот Соединённое Королевство — это уже полноценное государство, куда входит весь этот остров плюс Северная Ирландия. Грубо говоря, Англия — это комната, Великобритания — сам дом, а Соединённое Королевство — это дом вместе с пристроенным гаражом. Сохраняйте пост, чтобы в следующий раз точно блеснуть эрудицией в споре!","Путаете Англию, Великобританию и Соединённое Королевство? Давайте разберёмся на пальцах, чтобы больше никогда их не путать. Англия — это просто одна отдельная страна, такая же, как Шотландия или Уэльс. Великобритания — это географическое название большого острова, на котором все эти три страны расположены. А вот Соединённое Королевство — это уже полноценное государство, куда входит весь этот остров плюс Северная Ирландия. Грубо говоря, Англия — это комната, Великобритания — сам дом, а Соединённое Королевство — это дом вместе с пристроенным гаражом. Сохраните эту шпаргалку, чтобы при случае козырнуть знаниями в споре с друзьями.",
bb3fae1d51a1a018,"Многие из нас слышали загадочное выражение «тёмная сторона Луны» и думают, что там царит вечная ночь. На самом деле это всего лишь миф, который стал таким популярным во многом благодаря культовому альбому Pink Floyd. С Земли мы всегда видим только одно полушарие нашего спутника, потому что Луна вращается вокруг своей оси ровно с той же скоростью, что и вокруг нашей планеты. Но это вовсе не значит, что на обратную сторону никогда не попадают солнечные лучи! Когда мы любуемся тонким месяцем или новолунием, та самая «невидимая» для нас часть как раз ярко освещена Солнцем. Так что правильнее называть её не тёмной, а просто обратной стороной. А вы когда-нибудь задумывались, как выглядят пейзажи на той, скрытой от наших глаз территории?","Многие из нас слышали загадочное выражение «тёмная сторона Луны» и думают, что там царит вечная ночь. На самом деле это просто популярный миф, подкреплённый культовым альбомом Pink Floyd. С Земли мы всегда видим только одно полушарие нашего спутника, потому что Луна вращается вокруг своей оси ровно с той же скоростью, что и вокруг нашей планеты. Но это вовсе не значит, что на обратную сторону никогда не попадают солнечные лучи! Когда мы любуемся тонким месяцем или новолунием, та самая «невидимая» для нас часть как раз ярко освещена Солнцем. Так что правильнее называть её не тёмной, а просто обратной стороной. А вам никогда не было интересно, как на самом деле выглядит эта скрытая от нас половина?",
3565852010cc0c2d,"Наверняка вам в детстве говорили: «Не хрусти пальцами, а то артрит заработаешь!» Спойлер: старшие немного ошибались, и наука это уже давно доказала. Характерный звук возникает не из-за трения костей друг о друга, а из-за лопающихся пузырьков газа в суставной жидкости. Врачи провели множество исследований и выяснили, что никакой связи между этой привычкой и развитием артрита не существует. Самый известный эксперимент провел доктор Дональд Унгер, который хрустел пальцами только левой руки целых 60 лет, и в итоге обе его кисти оказались абсолютно здоровы. Так что суставы от этого не разрушаются, можете смело продолжать снимать напряжение таким способом. Только делайте это без лишнего фанатизма, чтобы случайно не потянуть связки.","Наверняка вам в детстве говорили: «Не хрусти пальцами, а то артрит заработаешь!» Спойлер: старшие немного ошибались, и наука это уже давно доказала. Характерный звук возникает не из-за трения костей друг о друга, а из-за лопающихся пузырьков газа в суставной жидкости. Врачи провели множество исследований и выяснили, что никакой связи между этой привычкой и развитием артрита не существует. Самый известный эксперимент на себе поставил доктор Дональд Унгер — он целых 60 лет хрустел пальцами только на левой руке, и в результате обе кисти остались совершенно здоровыми. Так что суставы от этого не разрушаются, можете смело продолжать снимать напряжение таким способом. Главное — не переусердствовать, чтобы случайно не потянуть связки.",
